-- phpMyAdmin SQL Dump
-- version 5.2.1
-- https://www.phpmyadmin.net/
--
-- Host: 127.0.0.1
-- Generation Time: Aug 20, 2024 at 07:56 AM
-- Server version: 10.4.32-MariaDB
-- PHP Version: 8.0.30

SET SQL_MODE = "NO_AUTO_VALUE_ON_ZERO";
START TRANSACTION;
SET time_zone = "+00:00";


/*!40101 SET @OLD_CHARACTER_SET_CLIENT=@@CHARACTER_SET_CLIENT */;
/*!40101 SET @OLD_CHARACTER_SET_RESULTS=@@CHARACTER_SET_RESULTS */;
/*!40101 SET @OLD_COLLATION_CONNECTION=@@COLLATION_CONNECTION */;
/*!40101 SET NAMES utf8mb4 */;

--
-- Database: `pwdka_db`
--
DROP DATABASE `pwdka_db`;
CREATE DATABASE `pwdka_db`;
-- --------------------------------------------------------

--
-- Table structure for table `admin`
--

CREATE TABLE `admin` (
  `id` int(11) NOT NULL,
  `role` varchar(20) NOT NULL DEFAULT 'admin',
  `first_name` varchar(255) NOT NULL,
  `last_name` varchar(255) NOT NULL,
  `email` varchar(255) NOT NULL,
  `password` varchar(255) NOT NULL
) ENGINE=InnoDB DEFAULT CHARSET=utf8mb4 COLLATE=utf8mb4_general_ci;

--
-- Dumping data for table `admin`
--

INSERT INTO `admin` (`id`, `role`, `first_name`, `last_name`, `email`, `password`) VALUES
(15, 'admin', 'Liv Andre', 'Centeno', 'trrcscsxcxy@gmail.com', '1Dwdsca%a'),
(16, 'admin', 'Liv Andre', 'Centeno', 'trrcscscsxcxy@gmail.com', '1Dwdsca%a'),
(17, 'admin', 'Liv Andre', 'Centeno', 'trrcscscsxjghcxy@gmail.com', '1Dwdsca%a'),
(18, 'admin', 'liv andre', 'centeno', 'livcenteno2k@gmail.comewew', '$2b$10$H/VjTXmBF8NxMOcRQify4Os9eqIWGgZMzLTyXMFvcfOzv1RSqnHNq'),
(19, 'admin', 'liv andre', 'centeno', 'livcenteno2k@gmail.com', '$2b$10$jP.0Z13PApPlWE4.PbzqX.MqA0cPFMyj1LsPbMCDx3GfxkzvbiCKe'),
(20, 'admin', 'liv andre', 'centeno', 'livcenteno@yahoo.com', '$2b$10$XXOfS23fO0Qz0GIu8zEKRep93Y8IGBFSdYtZzsKb6JCPXxDO61HnK'),
(21, 'admin', 'liv andre', 'centeno', 'liv24@gmail.com', '$2b$10$b5rS7icBlFTVfc9Uwv1eu.nmpanp0ooMClva.qedoHSxMiqVaz8g2');

-- --------------------------------------------------------

--
-- Table structure for table `company`
--

CREATE TABLE `company` (
  `id` int(11) NOT NULL,
  `role` varchar(20) NOT NULL DEFAULT 'company',
  `status` varchar(255) NOT NULL DEFAULT 'PENDING',
  `name` varchar(255) NOT NULL,
  `address` varchar(255) NOT NULL,
  `city` varchar(255) NOT NULL,
  `description` text NOT NULL,
  `contact_number` varchar(255) NOT NULL,
  `email` varchar(255) NOT NULL,
  `password` varchar(255) NOT NULL,
  `profile_picture` mediumblob NOT NULL
) ENGINE=InnoDB DEFAULT CHARSET=utf8mb4 COLLATE=utf8mb4_general_ci;

--
-- Dumping data for table `company`
--

INSERT INTO `company` (`id`, `role`, `status`, `name`, `address`, `city`, `description`, `contact_number`, `email`, `password`, `profile_picture`) VALUES
(1, 'company', 'VERIFIED', '23 parang jordan', '23 Jordan Street', 'Chicago City', 'Gawa ni jordan the great, from 1993', '09412345123', 'eqwevqweqw@yahoo.com', 'ecqwecq2', 0x65717764617364),
(2, 'company', 'PENDING', 'Liv Andre', 'Centeno', 'csc', 'dsa', '09686022965', 'trrcscscsxjghcxy@gmail.com', '1Dwdsca%a', ''),
(4, 'company', 'VERIFIED', 'tr!nity', 'Cen23t eno', 'csc', 'ds,,,,a', '09412345123', 'trrcscscdssxjghcxy@gewmail.com', '$2b$10$oHIKRl2/lEOWOC4J5NnaBOYwW/XNK2wnd8e/b2aM4h3ldW7Shy6pG', ''),
(5, 'company', 'PENDING', 'tr!nity', 'Cen23t eno', 'csc', 'ds,,,,a', '09412345123', 'trrcscscdssxjvdghcxy@gewmail.com', '$2b$10$O2GzCj0pOhV5YtgmdDgOieySQxbp/1wzNModBuD2NBd4OwVqN.Qbe', 0x65717764617364),
(8, 'company', 'VERIFIED', 'tr!nity', 'cen23t eno', 'csc', 'ds,,,,a', '09412345123', 'livceneqwewqteno2k@gmail.com', '$2b$10$1aSmFVOGQ20TIS.etNt5wuWm60D5EuftdqzOHccAv1VDrtMrYNeqK', 0x65717764617364),
(9, 'company', 'PENDING', 'tr!nity', 'cen23t eno', 'csc', 'ds,,,,a', '09412345123', 'livcenteno2k@gmail.com', '$2b$10$MNcqsw76sQt.T6OnakGBLOqu2yPj1nNFrF74XH7UQDs4XeW1ejV7q', 0x65717764617364),
(10, 'company', 'PENDING', 'tr!nity', 'cen23t eno', 'csc', 'ds,,,,a', '09412345123', 'livcenteno2k@gmail.comzxc', '$2b$10$KFeXF4yh5NUN13zR2rPHkOT5Iybg.dfV.ggYmtMCIs.U23J4vnf.u', 0x65717764617364),
(11, 'company', 'PENDING', 'tr!nity', 'cen23t eno', 'csc', 'ds,,,,a', '09412345123', 'livcenteno123@yahoo.com', '$2b$10$zIVxFD2qRANlmpSW3Gdhqe72EFldwaE8MRGSFfWi2GuuCwW6vqTD2', 0x65717764617364);

-- --------------------------------------------------------

--
-- Table structure for table `disability`
--

CREATE TABLE `disability` (
  `id` int(11) NOT NULL,
  `type` varchar(255) NOT NULL
) ENGINE=InnoDB DEFAULT CHARSET=utf8mb4 COLLATE=utf8mb4_general_ci;

--
-- Dumping data for table `disability`
--

INSERT INTO `disability` (`id`, `type`) VALUES
(1, 'Deaf or Hard of Hearing'),
(2, 'Intellectual Disability'),
(3, 'Learning Disability'),
(4, 'Mental Disability'),
(5, 'Physical Disability (Orthopodic)'),
(6, 'Psychosocial Disability'),
(7, 'Speech And Language Impairment'),
(8, 'Visual Disability'),
(9, 'Cancer (RA11215)'),
(10, 'Rare Disease (RA10747)');

-- --------------------------------------------------------

--
-- Table structure for table `disability_job_listing`
--

CREATE TABLE `disability_job_listing` (
  `id` int(11) NOT NULL,
  `disability_id` int(11) NOT NULL,
  `joblisting_id` int(11) NOT NULL
) ENGINE=InnoDB DEFAULT CHARSET=utf8mb4 COLLATE=utf8mb4_general_ci;

--
-- Dumping data for table `disability_job_listing`
--

INSERT INTO `disability_job_listing` (`id`, `disability_id`, `joblisting_id`) VALUES
(8, 3, 37),
(9, 4, 37),
(10, 3, 38),
(11, 1, 38),
(12, 3, 39),
(14, 3, 40),
(15, 3, 41),
(16, 3, 42),
(17, 3, 43),
(20, 3, 46),
(21, 2, 46),
(26, 3, 51),
(27, 1, 51),
(32, 3, 57),
(33, 2, 57),
(34, 1, 58);

-- --------------------------------------------------------

--
-- Table structure for table `job_application`
--

CREATE TABLE `job_application` (
  `id` int(11) NOT NULL,
  `user_id` varchar(50) NOT NULL,
  `joblisting_id` int(11) NOT NULL,
  `resume` mediumblob NOT NULL
) ENGINE=InnoDB DEFAULT CHARSET=utf8mb4 COLLATE=utf8mb4_general_ci;

--
-- Dumping data for table `job_application`
--

INSERT INTO `job_application` (`id`, `user_id`, `joblisting_id`, `resume`) VALUES
(2, '5', 38, 0xffd8ffe000104a46494600010101006000600000ffe13e1e4578696600004d4d002a000000080007000b0002000000260000086e0112000300000001000100000131000200000026000008940132000200000014000008ba8298000200000005000008ce8769000400000001000008d4ea1c00070000080c00000062000011581cea00000008000000000000000000000000000000000000000000000000000000000000000000000000000000000000000000000000000000000000000000000000000000000000000000000000000000000000000000000000000000000000000000000000000000000000000000000000000000000000000000000000000000000000000000000000000000000000000000000000000000000000000000000000000000000000000000000000000000000000000000000000000000000000000000000000000000000000000000000000000000000000000000000000000000000000000000000000000000000000000000000000000000000000000000000000000000000000000000000000000000000000000000000000000000000000000000000000000000000000000000000000000000000000000000000000000000000000000000000000000000000000000000000000000000000000000000000000000000000000000000000000000000000000000000000000000000000000000000000000000000000000000000000000000000000000000000000000000000000000000000000000000000000000000000000000000000000000000000000000000000000000000000000000000000000000000000000000000000000000000000000000000000000000000000000000000000000000000000000000000000000000000000000000000000000000000000000000000000000000000000000000000000000000000000000000000000000000000000000000000000000000000000000000000000000000000000000000000000000000000000000000000000000000000000000000000000000000000000000000000000000000000000000000000000000000000000000000000000000000000000000000000000000000000000000000000000000000000000000000000000000000000000000000000000000000000000000000000000000000000000000000000000000000000000000000000000000000000000000000000000000000000000000000000000000000000000000000000000000000000000000000000000000000000000000000000000000000000000000000000000000000000000000000000000000000000000000000000000000000000000000000000000000000000000000000000000000000000000000000000000000000000000000000000000000000000000000000000000000000000000000000000000000000000000000000000000000000000000000000000000000000000000000000000000000000000000000000000000000000000000000000000000000000000000000000000000000000000000000000000000000000000000000000000000000000000000000000000000000000000000000000000000000000000000000000000000000000000000000000000000000000000000000000000000000000000000000000000000000000000000000000000000000000000000000000000000000000000000000000000000000000000000000000000000000000000000000000000000000000000000000000000000000000000000000000000000000000000000000000000000000000000000000000000000000000000000000000000000000000000000000000000000000000000000000000000000000000000000000000000000000000000000000000000000000000000000000000000000000000000000000000000000000000000000000000000000000000000000000000000000000000000000000000000000000000000000000000000000000000000000000000000000000000000000000000000000000000000000000000000000000000000000000000000000000000000000000000000000000000000000000000000000000000000000000000000000000000000000000000000000000000000000000000000000000000000000000000000000000000000000000000000000000000000000000000000000000000000000000000000000000000000000000000000000000000000000000000000000000000000000000000000000000000000000000000000000000000000000000000000000000000000000000000000000000000000000000000000000000000000000000000000000000000000000000000000000000000000000000000000000000000000000000000000000000000000000000000000000000000000000000000000000000000000000000000000000000000000000000000000000000000000000000000000000000000000000000000000000000000000000000000000000000000000000000000000000000000000000000000000000000000000000000000000000000000000000000000000000000000000000000000000000000000000000000000000000000000000000000000000000000000000000000000000000000000000000000000000000000000000000000000000000000000000000000000000000000000000000000000000000000000000000000000000000000000000000000000000000000000000000000000000000000000000000000000000000000000000000000000000000000000000000000000000000000000000000000000000000000000000000000000000000000000000000000000000000000000000000000000000000000000000000000000000000000000000000000000000000000000000000000000000000000000000000000000000000000000000000000000000000000000000000000000000000000000000000000000000000000000000000000000000000000000000000000000000057696e646f77732050686f746f20456469746f722031302e302e31303031312e31363338340057696e646f77732050686f746f20456469746f722031302e302e31303031312e313633383400323032313a31313a30392030393a35363a303300202020200000000690030002000000140000112e900400020000001400001142929100020000000333350000929200020000000333350000a00100030000000100010000ea1c00070000080c00000922000000001cea000000080000000000000000000000000000000000000000000000000000000000000000000000000000000000000000000000000000000000000000000000000000000000000000000000000000000000000000000000000000000000000000000000000000000000000000000000000000000000000000000000000000000000000000000000000000000000000000000000000000000000000000000000000000000000000000000000000000000000000000000000000000000000000000000000000000000000000000000000000000000000000000000000000000000000000000000000000000000000000000000000000000000000000000000000000000000000000000000000000000000000000000000000000000000000000000000000000000000000000000000000000000000000000000000000000000000000000000000000000000000000000000000000000000000000000000000000000000000000000000000000000000000000000000000000000000000000000000000000000000000000000000000000000000000000000000000000000000000000000000000000000000000000000000000000000000000000000000000000000000000000000000000000000000000000000000000000000000000000000000000000000000000000000000000000000000000000000000000000000000000000000000000000000000000000000000000000000000000000000000000000000000000000000000000000000000000000000000000000000000000000000000000000000000000000000000000000000000000000000000000000000000000000000000000000000000000000000000000000000000000000000000000000000000000000000000000000000000000000000000000000000000000000000000000000000000000000000000000000000000000000000000000000000000000000000000000000000000000000000000000000000000000000000000000000000000000000000000000000000000000000000000000000000000000000000000000000000000000000000000000000000000000000000000000000000000000000000000000000000000000000000000000000000000000000000000000000000000000000000000000000000000000000000000000000000000000000000000000000000000000000000000000000000000000000000000000000000000000000000000000000000000000000000000000000000000000000000000000000000000000000000000000000000000000000000000000000000000000000000000000000000000000000000000000000000000000000000000000000000000000000000000000000000000000000000000000000000000000000000000000000000000000000000000000000000000000000000000000000000000000000000000000000000000000000000000000000000000000000000000000000000000000000000000000000000000000000000000000000000000000000000000000000000000000000000000000000000000000000000000000000000000000000000000000000000000000000000000000000000000000000000000000000000000000000000000000000000000000000000000000000000000000000000000000000000000000000000000000000000000000000000000000000000000000000000000000000000000000000000000000000000000000000000000000000000000000000000000000000000000000000000000000000000000000000000000000000000000000000000000000000000000000000000000000000000000000000000000000000000000000000000000000000000000000000000000000000000000000000000000000000000000000000000000000000000000000000000000000000000000000000000000000000000000000000000000000000000000000000000000000000000000000000000000000000000000000000000000000000000000000000000000000000000000000000000000000000000000000000000000000000000000000000000000000000000000000000000000000000000000000000000000000000000000000000000000000000000000000000000000000000000000000000000000000000000000000000000000000000000000000000000000000000000000000000000000000000000000000000000000000000000000000000000000000000000000000000000000000000000000000000000000000000000000000000000000000000000000000000000000000000000000000000000000000000000000000000000000000000000000000000000000000000000000000000000000000000000000000000000000000000000000000000000000000000000000000000000000000000000000000000000000000000000000000000000000000000000000000000000000000000000000000000000000000000000000000000000000000000000000000000000000000000000000000000000000000000000000000000000000000000000000000000000000000000000000000000000000000000000000000000000000000000000000000000000000000000000000000000000000000000000000000000000000000000000000000000000000000000000000000000000000000000000000000000000000000000000000000000000000000000000000000000000000000000000000000000000000000000000000000000000000000000000000000000000000000000000000000000000000000000000000000000000000000000000000323032313a30383a31352032303a35333a313100323032313a30383a31352032303a35333a31310000000006010300030000000100060000011a000500000001000011a6011b000500000001000011ae0128000300000001000200000201000400000001000011b6020200040000000100002c600000000000000060000000010000006000000001ffd8ffdb004300080606070605080707070909080a0c140d0c0b0b0c1912130f141d1a1f1e1d1a1c1c20242e2720222c231c1c2837292c30313434341f27393d38323c2e333432ffdb0043010909090c0b0c180d0d1832211c213232323232323232323232323232323232323232323232323232323232323232323232323232323232323232323232323232ffc0001108010000c103012100021101031101ffc4001f0000010501010101010100000000000000000102030405060708090a0bffc400b5100002010303020403050504040000017d01020300041105122131410613516107227114328191a1082342b1c11552d1f02433627282090a161718191a25262728292a3435363738393a434445464748494a535455565758595a636465666768696a737475767778797a838485868788898a92939495969798999aa2a3a4a5a6a7a8a9aab2b3b4b5b6b7b8b9bac2c3c4c5c6c7c8c9cad2d3d4d5d6d7d8d9dae1e2e3e4e5e6e7e8e9eaf1f2f3f4f5f6f7f8f9faffc4001f0100030101010101010101010000000000000102030405060708090a0bffc400b51100020102040403040705040400010277000102031104052131061241510761711322328108144291a1b1c109233352f0156272d10a162434e125f11718191a262728292a35363738393a434445464748494a535455565758595a636465666768696a737475767778797a82838485868788898a92939495969798999aa2a3a4a5a6a7a8a9aab2b3b4b5b6b7b8b9bac2c3c4c5c6c7c8c9cad2d3d4d5d6d7d8d9dae2e3e4e5e6e7e8e9eaf2f3f4f5f6f7f8f9faffda000c03010002110311003f00f64247a76f5a03851807f2359dcbb0efb47cb839207bd5696550809079351392b1518ea4066423047eb591aa9594ed42470307debcfc554fdde875d08be739c9ee8c64a8b85c83823762a06bd9f07139fc1eb954a67a515092d488ea778b9c48d8231d8e6a6b7bab9709bdf3bc918c55aab26d264ce94146f613512c34eb9e73fbb35c6e78e79aeea6fdd38256e631753b4865b96692256c81ce2b2e4d2607188e360c7a62bb632d0e392f78ada0db15f17e9b6d2a8c8bc89483dfe715f4f345219192088e1989ce70bd69d4d6c28e860f89e078b4d58ccd83bf24a8ff0064d73b6766969e15b8d56324dcedddce3180dd2b92dfbc67537fbb4666b455aea2c200be5820e7b9e6b22e429b66ce7ad671674db41fe1b8a23e23d3fcd05a31709b97d466be9a1d062bb69ec70e277473fe2854960540e43805b68ef581f6758099040666044601e79ee6a99822ff00f6745ff3ee3f2a2958ae62f33b06f6c6298d2f1c1159499690df3b19ce3daa3698e3ff00ad58ca4ec5a5a9179df300d8ebe9597aac83ed00f006074ae2c5cbf7475505ef935aa4535a440c509c20277460e6925d3b4f2d87b0b57e33feaffc2bae9c1382d0e7e69733d4c8d4f4ed363b49a48ec628a444dcac84f5c8ed587697292c91739e7b572d78253563bb0f294a93b93ea7ff0020ebad84e7cb3d6b8e3b80e95bd1db430ab7b9a10dbe9d25ac66e2253215e4e79aa778da558fcd12979f1f2206ce6bad6c72b5a9c759db5cbf89ad6ee4211dae91863b1dc2be9cb2578ec6160371553cb1f5356ddd92e365a9cef8b03dc59c596c317627031d14d723a0cffdad637105d9fdc45f22c0870b8f7f5cd61f6d9afd8488f55b5844a9b5086c7cdf31fc2b22fe048ed32b90491deb9d4b53b5453433c38adff090d9e09e1f77e409af704d6676f2813d50317cf4aeda73392bc3992294fa846f7713b93d08607ad6de88a9245975e492c335a45dce5947951b5e547fdd1455999cb959093f3a7e46a1659002588c7b1ae2923ad31bfc3d69249189c2fa7ad67d0adc819df3d3f5acbd4642645ce7eed7062efc875e1d2e72cd84f1c76004db964c7c853bd45f6998fca1f2477c57746a72d34715549d5b47b946f6763a75eb48725623cfe22b90d194aea2cd9ca30ca8f4aca72beacefa31b46697737751c7f67dc67a1439c5724718eb5742fca6353728df4f891624fbc00c83c678aaf70d0bc630cbbf0380d939aed48e6ea4fa6c28de20d3b72bbe6e13e442371f9870335ee369752ac31a1444383c939eff009517b0aa2ba307c5d3345a6870c564c95ce3d7dab9c4b08f44f0e437d0316927913cd5639273d8565f69976f751475673f6e62338206de7dab1b5198adb81b8fdeae54f53b52d0b1e100d71e2585532488e4603e8bff00d7af74834858ed222c32c54139aeea4afa9c588972e866369331b82dc004f39ae8ac6d8450aed6e83b569156673ce5cc8b9e5aff00cf5fd68ad0c8e405d9dbea4d06e7208208af3dcced51226987079a84ccb9ea7f2aca52897152226941385639f7159d7ce77a93e95c58a49c0eac3df9cc8d6a4be6b5b75b44660aa5d821eb8e829a6eb5092d2ddd57cbbcc05c755007ae3a715ea4674dd1843ef38a87eef1129bf3b1a579b7fb0ee5771321808627a935cde9ca63f24020f3cd71e25ae64a27761aee9c9bee696aac4d948324828738ae61a26c631d2b6a4f4309ee3a54326d4240dabcf1dab34d9a24c58aae474c2815d88e7b0fd32393fe12fd1162745637487e7ce3afb57af5a4933410be15b0a7181c734e6ad626f7323c5599ede18d9cafcaced803b631593a66355b191e7673696fb4451671f3a8e49f5e6b04fde66925ee232756565318248cae4f3583a9affa3a004f26b9e3b9dbd0ddf85fbc78c55844253f6790004e00ce39af767fed09630035aa647180cffe15e852f84f3712bde332e6de50499af65273cec0a83f97f5ab569676aea0bef97feba48cdfa135a2dcc5ec5cfb0d8ffcfa43ff007c0a2a8938dce3d29ad22e78200af2aeec7a3a363378e848a42ca17a0a977ea092b9116039da2b3ef9f3b381d2b8abb7c9b1d743e31b05f69a2de3496f1629172195918f7fa53cea3a22232acf6df31e70aca0fe75df4a31e4576724e1514dd97529dcea161f61b948eee06631108aadc9358d64372c7cf21bfa573d78da4ae7561d495395cb97affe853727216b0bcc39c6efd2b7a16e5d0c2ab6e43a500e493824000fad559a124f5e6bb11ce49a35ac87c4da74aa9bcc73a90338ef5ea363e70b6542028551c0e7155295ec67dce7fc51206b8860dccb85c363dcd33458520b0bcb739ca4cea73d7ad610f89b359fc31399d54efbd9155db62fcab93587aaeef223c3375f5aca2f5b1d7cba1b1f0da7687c51e696e91303f8e2bdbadb5c8a487d0f4aeca2ed738f151d514ef6f61955cb3fcab9ce0d2dbea89088d70d82324ff7476abe6d4cb92e8d0fed53fdd6fca8a7cc47b3392f3b1d4e290c8bd775794d74b9debbd84c8dc0bb0c7b9a6ef5e991f98a2cd751a69f41324f43c5636b73cb0a218a2776391f2ae71f9561560dc6d737a324a776601bfb851ca4b9f746a81efa5ee08ff801ff000a8e4676a9c2e40f7a7a9ebea455dd36ec4cd1c483e75625b8ea2ab925a322a4a2e2d234351ddf66901e9b79e2b1f0a07de35dd493e5d4f2ea5b9b42f0b44ba862918b00171f2f19a47b58d1f0b9cf5aea4b432bf424d357cad561971c2b83c0e6bd162422252aceb951918c50436713e2df312f95e10cf204c84c13920d68e8561732690d2f933b4d71f3b92ad9c9ace117765ce4ac8e575ed3eef4ebe65b9b79211265a3dddc7ad737a91fdd2024f5359256763a934d5d335bc336d3697a9dd8980f31502000e79383fcabb1b5d4de28c158de53e605c2f51d39fd0d7453d998d6de3734deec2082dcc3346f2b851e60f5393f8d5b8ee03c926d07099c8fef11dbf0a5b0ada09fda6ffde5ff00bea8a7cc2f66c859573fc54d644e819abcfba36b31b20c8039e075aaf20542339391e953269ea524d6837ce08a47273ed48660cbb88a8bc6c52ba23f3a3c11b4d2828c09da78eb4949329a92d46611b200aaef1005882015a1d9adca8c9ae852bbcfd9dc33060c30456618307eeb62bae84af139ab2b48e86d62b7b7b58e3921bc9481f3796c8ab93cf7c9fd29826d3bcd21749b8739ff0096b75fe0a3f9d772b24726b7d07c7790c77988b4ab74daf80cc5d8fead8ade8756d41a20cb6d26d6008dab1f4352e766350bee62789359d42258585cdddb8c90d8936861ff0001359f67aa0934e74ba6966932434849638cfa9e6b3e67a97c8b4285cce9368570eac761bd1b77751f2d729a812eab870319eac05424efa9b45c522d786ee12d6e25b8bbbb8235620069261f31e7a7ad74935dd9b13e5ead1c61baed8e56cfe4b5ac22f99975a4a54e365aa2fdb6a08f02a7f685cdc2c58da12d0f047208dc473d6b485cccf23487edec586d23cb8d063fefba52e55d474d49a4d222de9ff3eb73ff007d47fe34565ccbb9bf254fe5366da37bbb948632809c92cdd140e493f415837be29b38ae447676977791ef08d22c61464e7a75ce71c54d2a6e4aece29cd27646a0bd866f9ad9b7c6402a5e3da71ee0d2962f8dc8bc7fb3584b9a32e5b1a4795c6e51d77518742ba8ed26824b8ba237c90409ca2e33d7d71cd436da9dadf2a9863953701b9654dbb5b19c64120f1cd6f3a0d4398ce156eec589047d08fd4d3723042e467deb8754f63aec9adc89caab63e6fc0d46ee0e7863918ebc53beb6b1495fa94ef82ac448661800e33544ca191b24e715d7416872d7d59d3ac96cb10dc6e5ced1c24498e9ea5c5551736292926d350639ce07963fa9aefbe872598b0dfdb35c03168d7724a1bf8eed547e8957ff00b4b5248d520f0de154705ee4b7f222b3938df51da466dc5eeb139092787ad8af6df197fe6f542e75bb9b43b26d32d6dd892429b34209fc41a5cd11a8b7d426f104c7478ae42043e7347b6285501181d94015953789611c488800e0068d4fd7b5174d8d418d6f12da7901dcd92479c461e2507df0314cff0084aa175c8b68a45e8316b9e29d9ee5a52d8962f11b28c0b00aa41c62d3afe469c7c6776a76ad91e9c7eeb03f534ac9ea68bda45f2927fc25b7bff40e8ffef81fe3452b44dbf7a765753bdbe977cd0cef1bfd9df0d19c1e95cef87d6096dee24951471191800f38eb5841da0734d6a6959cacb71770894f94929f294f45079e2ae2395951b77461d3eb5152ee69dcd29b4a0f43250ade789afe6bb517072dcc83711c81dea0be45b7d4f4bf214451ca0eed8a1431048e715bb96e62a293469ab3071b9c103de98ecd925791ec4579f6e973befd6c441db7f3fcc521dcd91bf1f8d2b37d47a2e850bd6c5bbfcdbb2462a9968c478da73eb5d7455a272d5d5bb1ab75a9dadb47fbe7008c0c6324f15caeabe2a303968410c3a006bbd46e8e472b15f47f1c3c57cbf6e833031f99d7a8af47b1f12e9d72a76cc19801b707ef7d3daa2a5377d07095cbd2dfc490abbc90e1d7720f306e23a7d3b556d5bc3eb78f13dc330020f3142376240f4a7ecd589e76999f2f85e2b992cb4fb679121f34b39908279e3a8a8ae3c09a5c804263669013995a5619ee4633e98a5c88af6ace63c49e1ab2b2d1cdc5bccdbad4aaaa16cfde358b65ff001ea4e30473d68b743a69c9f2dcebde14b8d1ede752bc7519eb59bf6552f95dbf4c57346e9347a2a2a725264df666ff009e4bfa5153a9d7689d5deb674fba07bc4c3f4ac2d16e56df4cb8761806253d3af18a883bc343c3a8bdeb176d2506f5cb0e1954e01cfad74bb602b9f253f2ad6114dea449b51d0e67475137882e9738f9989fa6e146b6cb1cd6d3aa86114c70a4f6c9aa5f1b21b7a11c3afab4cab2da40a09c70b5d14290489b9a18f2689528736c5a9c9c371cd6f6bb322d22ff00c7bfc6b1efc2dbdfcf1a295456200f4158d784629348da8ce52959b31efd46d88827e62720fe154a5b958223945e2ae94549222a49a9339cd4350769249ddf0c385ddd2b9a9ae525949c92c7a9f5af463b1c12635665113073c7bd4f69adcd6a86d436e8dba303c8aa127607bd9a6f9de5242fa9aeafc2be35bcb2bb58ee2e8bc4c027cfced19e39a963b9ebba65c07d5a3901ca0859f20e41e0e0feb4cbb93ccb8dc33b7321cfe1c566d685a7a9c278963274abc6c7f1467ebcd6168f6326a77090230552b9724741eb59f328ea77c23cd03a53a1dddac22382ebcd854e4478c106a1feccd4fcb2560e4fa11c562aac1ee74da495867f67eabe87f31451ed2985aa1d15db1fb1cdbb3b7cb3fcab94b495469929240fdce07d7358d3bb89c951ae634343901ba8d7becc9e6bb5809c3176c8cf02b68e8cc9ec725a45e5b45e24bc85e74594970aa5b927238a6ea9748fb5f3feaa75dc3df34bed83565a99bf6f7f337048bae47c95d65ac8f77610950bc8c9e2b69772158bf1c862b7542aad8ee05636a8ccda94ec5b3f39cd73623e148de824a463df4998c30ecd5cdea77415bd7e9deb6c32f74cf12fded0e7efa379a61e61e31c0acab908a703b77aed471b4556deca400714085d5777a75a6166482e005da7a7a1a58e708777f2a407b6fc38f10fda34cbab79b0d34502847efb722ba3d62f47daa14daaa44654807192464f4a893b2292bb398f12dd46ba55f05b5504223292378ea3b572da1ebb6b6e64964bfb2826e542f94173eb9ae7926d688f4693824949d8e82dbc4f0911192fad543ff11dbc8cf5ad75d66ca44f9351b53f8a573f2cafb1d1374ded21bf6f87fe7fed7f24a28b4bb0b9a1dcbd730c0d6b3637731b0073df06a0d0ade2fec0b78c2a90532d91d726ae9a4b4386a3667ad94565a944d126ddf11cfe07ff00af5bb048c662a7f8b8e6ad2f782fee9c4ad8acf0cb2ca1b7bc8ff3b2f43bcfddf5edfa540f24c97b6c1db2a2e5378ebba882bcecce8c424a9291d2dce8515cdcb4b6e265de492a501c7d3a7156ed43d8dbadb6c91ca679db8feb5dab0f19cb939b53c8facca31e6b685bb697731183c76358baa5c20d4eebe4271230c03ef5c18ca6a0f959df84a8e5ef1977ad19b7181b7383d6b83b9d5a26bf75656c7ddc93c75ffeb569855ee91897ef151a59aee63e5e4e7d2aedb68524acbe629c0ada753974269d3723593c328132633c8e33de992f87500fb873d0fbd73baccec5875631ef3c3abb58a12ae3a0ae7f6986531c83953ce6ba2954e6d0e2ad4b91dd1d67827509acf5d852161fbcfdde18e0107f0af4ab8d72e16e9527814b3746dc9903e879a7233453bfd7eeecc993fb34496e7fe5b7cb83fa1a846a304e0b1d334fc9209ca479ff00d06a5688a7666a476f1dc003ecba4703857894edff00c728fec49a650dfd91a22e0f4d8a38ff00bf746a2d04ff00847eebfe811a37e69ffc45147bc1a1a13491ac1347e613c6578f6a67870eed12dffddfea6b9a08e9a841aa8297b69d814907ea2b653c98d0650336324935b417bc66dfba733145b20da0ed7333edf346e27e73f707a76ac5d497c99e23b40db749c2b6475f5ace9ff10edc47f011d5daea65216cf9a72dc0d869cf7bb80629213dbe43fe15e8d0c0ba75fda4a5a1e155c4a9d3e48c750b69fe763dc91d6b1753246a378cc14e246da091eb5c58f69d46d1e86093505728ff00c22cd38fb6df5f31de80aa47c043e98ee2b829347965bd91483c391923de9519e8555a7aa3b6f0af8761db2cb2a827185c8e95ba34a8a27ce3a1e2b9ea3bcae75d156459fb3838c81c0a867b34752156a1ec744599f3698b244c0a03e9eb5e75e28d2cd9dc2ca1701b8357869da6638a85e1722f0b5acd77af59a421f72c818b28fba01eb5ece9722d2c55cc68d2481d998af6e14577c8f256a606a37d1dee8f7291c5b3381d0776156eff00588b4fbd687ecb198e3558cae3ef7033f8e6a0d11cd7887c5d7fa5476f2698e90ef760eae8ac080062abdbfc4ed7e341e625a4bc77888feb569684db52d7fc2d6d67fe7cecff0026ff001a28d02ccf448fc3f2b6e669188e9d2b98f0f6b02c33a73a97225902f382b83d2b9d45a46ce4a44e6f26d4f59640bb5624c228ebcf5aec96da68f9099c018381e94e09f389b5c8723797df67f104fa7344be5b12724f3c8ce3d87d2b1f5268e0b8857180d76a405fc0f4fc6a6317cc6b3adcd4d23bc338f2c3b3c6898e0b102a34bdb1dc3cebeb6f2c9f9879ab9c7e75d576d6ace3b24519bc4b6babdd1b7b68a0b58225cc6cea099719e770e9d2b34e9b06a92dcdd41a85bb66463b0104e093ef5cf5a973b37a557911a12dfc5a6d9a411448f20006739c903fbbd6b9bb7b48afee8cf185659a427e5e839e6b249c3436ba9d99d23bdae976c03b045e838eb59bff0009158798c1df68cf05b8cd250ba3652b17e2b9b7b850f1bab03e8735212bd8d653d343a23aaba2169a189be7745cf726b9cf145847a969f208b6b1c64153dc54c6ea499151a926897c03e1886d3473a83bb7daa7f94e7a05ea00fc6ba1bc86158e181d8971185639e14ee39fe95e96e792ae994ecf4ab199fecdf6bdaac43b30e7e507240f7e2b06f2d85ddfcf3c9b911df7025738ce71487732f5fd2ee26b5b71a4db45ab6c2c66f2e067d99e9e847435cc493fd8cecbdd0fca61d71e6c67f5247e9564dd8cfed5d1ff00e81b71ff00819ffd8514f9505d9f43e9b7fa95bdaddc93dadb5c5c2a8304680a0cf724b139af3fbbd3aeaf35a7b8bd1fd9e5c331789703383c707f0acf986b42fe8f2c9a2c05a39e2ba92663e68923c328006dc3b723bd7496daff009570d72da8da3a2a931d9b43d1b1c65875e7da9291525738dd76f6f35bd4a19b5247f2d380d691a86009e464726b02e64b7b385dace5bc97508e5062fb4c436ece739f98f3d29a7a86cac36e350d435582059ee16094654e5c84cff7b001fa62b29a468e72b7fa6c72a83832c2a573efb9783f88abba21a37c6b1a5369c91d8c5324a91797b7706e7fbc48c7f2ae5bedb3432301771ae0e41607fc29d84759e18d52ef5185acd6fa26963da51e2421802707270323a715d8582462f1f604ca2fcdb3a6e27ad70d56d4da3d2a314e8a645abb3c685de192541fc28b9ae61f53b39aea2b29b449b7cc3f764ed3907f1a88a72ea6926a2b62e5859c71ca0da064563d33d3dab46fd26440ace549e322b2949f5378dad64730c9606f1a396fe732e7eee58e3f215a9676d1e165866f3108c70720d5ca72495d18c6116db4ce9f4444934db7540a3cbfbdc819c62ac81e58c048dfa924fd6bb62ef1479b3569b4400a5b22fee9485258631cd22ea4a07cf126738c0028e84f523fb75a457524d1c51217501fb6719ec3eb4a756d3837ef6e2255271865edf8d34c2c33edba0ffcfddbff00dfb1453e641ca639f106b1b4137cd93c8daabc7e955ffb575291833de48f839c30c8355a12588f52b6914addd9b073ff002d2038fcd4f1f962b62c6d3c3d70159f55986472863c38fc39cd4b8dc7ccc6dc5869d04e635b8bd719c1db6ee3f9ad579fc2fa0f926797edacec73939e3f0c0a4ad7b14ef61abe1ed09a0da90dcef1f75c11c7e05aa34f0d4aa632aefe51c80de5a215f42d8272286d0acee34f87658d36c9a65b5ea904ef7609f91eb5cb6abe1669242cb60d6ddf0262e3f5ff001a14c7cb725f076912586bac5fe5df0baa803a9e0d7776d0476d33854da5b04f3d6b96abbcee76d1d29d8baeca4804704554934cb79250e5707ae454d8dac489691eec22f094b7b6a9385dfc104e0d4cd7bb7293d6c64ff6044b7a2ea3441205dbb80ed8c53dec20b0b6611a8048c9c56729396838c547638ebbb769e7678b50bc839c048e43b57e83a76aaa74dba7fbfacdf91ecd8aeb8d7e58dac71ca87349b1bfd8c71f36a37ee0f0733114efec2b43f7e7bb6faced532c4be8823868f511b45b0c7dc95bfde99bfc690691679c7d950e3d589a8fac48af61143bfb36d3fe7d62fd68a9f6f21fb140cf7edd6fa35ff72127fad20373df5193fe03101fd6bafdbf91cdec183063f7efee8fd30293641904cb74c739e66c7f4a975a4f629518a362dfc4d75696d1dbc688e23180d20dcdf9d3ff00e12ed4d882440ca0f468811f954733dcbe45b07fc255abed2ab72a99ec91a81fcaa16f116acfc1bd97e80e2a5ce43f66889b56bf7fbd7939ff00b6869a6f2e1cfcf7121fab1a96e4cb518a24b6d4a4b3ba8ae04e0946e03375cf5aea34fd61356f31e3014a100ed39eb5293344d6c6a2ca081cf4a76e620807e945cdd232ceb66c1561fb34ad3163bf8fd7ff00d54ffedb86e1da2903c6db72a48c64d4ce4ed605057b9a48c405ce00c7354efb0cbb7206ee093daa1ad86cf387d4a75760b6c3009c1ddd68fed3bd23e58231f5c9ae954e3d4e27518d37ba813f7211ff0001a7f9fa81ff0096918fa20a4e10435390d692f940ccf8ff00754547baec824dc3fe7425115e4459baff009ed2ff00df5451eef60bc88cea6a73b6197f4a6ff69376b77fc58568a9db727998d3a84c7916e07d5a9bf6dba3fc110c74e09aae544b6c4fb4dd93bb299ff76944d78463781f45a76886a397ed87fe5b37e54e10cec7e69a4fcea6f14349922d931eb2487fe05520b053d777e2c6a1cfb072b17ec0991f2e4d6f786a5fb1dec90940b1ca9d8771dff9d0e57d0b8c6cee750afd81aa777aa4f6b71b029083f88a922b05b9daf61f16b76eed892405bfdac0fe74f37f6aac5a2f2f3df2473f8d396a354ddae4f06a6b720ed5208ea0d65ebb70cd008d71976e99e702b2fb429bb46e73be43f4f90537c97c9e56b6f6872728be537775fca9700704d4f3b65a486315039269f11b79073eb8001a7762514d8efb28f6a28e61f299a2d467ee529b618ff575a73916016c3fb828f2477da2973058688d474229c1001d69b62b0f555ee09a700a3b54eac648bcf0ab9fc69eb2c027684b80ea71db9ada8e1a553c8caa568c095af6d2095d1ca80bd1b2327f0a9b4b9c5eebd1c31711a5b3bbfb9230056f2c2aa51726cce35dce4a28d24bc747d8c4e41c56a4329907cc3208ebdebce7a3b9ea4762273750960f6a2e2263e829136ce36358a431f7f905372d0df9b4b03341668cca1557bfb579af88b597d4b58668dd9628be4400fe66b7c1c39a6e4cf3f1b3b41451562bf994f123e7fdf22b4a1d5e5e8c49c75f5aef9d184d58f361565166cda4326a28cf6fe6b81f7b0071f5e6830796f890bb607dddf8fe95e6ce1c8eccf7685385549a2bb479f6fc7352db5be2e5557b0cd66e5a1d53a11841b45dda7fbd454d8f3ac678593a847fca907985b023727dab6e525539010c3ef46c3ebc546d228ebb40f76147216a8b7b8c12066c2b479f40d9ab4b6cec4ef9115179623b0ade950750c2b3852566cadf6940cc7e5541d37724d35b5911c6638e05c9392dd335e8c28c20b43cd75252295c6ab75329432ed4cfdd4e2a979eeadbb273eb577b1024ee5db79fe2e6ba5f05be355624ff0006dae7c4bfddb36c3ff111d06ad6a448d2463af61552d7556b71b5f3c7735e4c7547af7b3b9af06b68e3965a925d5e0db804163d02f249a8927b1b7346d73cff00c45addccfa9bd82feee34c6fc7258e338fa573406e9c9f535eae1e0a30478988a8e7519320fde91e82a78d879a7e95d08e7346cb519b4fb8f3216f665ecc2b71674b94f390e430cd726363eea923d9ca6a6ae0c88d59b361f692c7b2d79acf62bff0d93d141e45cc72e5b8db1f4fee0ff0a8db03aa267e95d173bf9107987a617f014bbe24cb4a4023f840e4d6d4a9caa3d7630c4558d1879907da1e461f2848f39dbea3dea19ef24b94624e075da2bd48a515647cfce729cb9a4564c9653e9448d9949f4a4f62461e69ac3ad2002331e7b8ad2f0fdd8b3d4d7736d5938cfa1edfe159568f341a34a32e59a67a049209a20dfc5deb22f2c43fce831eb5e227667b76bc4a69a7ca4f4e2af88adf4db57b9998610649354e5ccec85caa29b679cf9ad79a85cdd3fde762c7db34d897331af622ac923c393bb6c7affac73ed4670fc7b55a24b1bbe67f526b574995fcf36fcb6f19503d40e7fcfb56788873d368eac154f675e2cbfd4d4f680f9d29f402bc73e9f136f64cb1b968a0f18e7e5b8317486593fdc5a81b51855809629a3cff0079715e9c70ddc99e63ada289daec3a7ee7601ea3ad57c64fcd920576c22a2b43cda952551de4c74ac23b7e7ef38c0aa71360153de9b6662a706929000eb4632c69007f0914806e5f7143037b4bf11b40ab0de1240185907f5ae823d4ed665dcb3c441ff68579189c3c94af13d6c36222e3664177ad585aa6ef38330fe15e4d721aceb73ea87cbc6c814e5533d7eb5585c3bbf3488c562172f2c4a16ea12063ea68b75f999bd2bd13cc1517e673ed49ff002d5bdb1548097399dbeb529664903292197918a1eaac38bb34cde8241322483f8855cb41f3ce7b0c66bc392b49a3eb6acd4b0ea44bf9514b53c9d0e725bd9631b405751dba1a81a759d0e3af707b57d0731e458aad198db7424afa8a7a5d9e8cbcfbd25a087492194827b0e2a3e8e28b80ee84d1400528f5a005039a4518a007ed078351b463d6a77023d8a3ad4328f4ea781ed49ab0ee4ae3646a83ae2a48e3db1fd6810817686f7155c9c3bfd0530258f1e673e9521f5a00d4d264ce623f515b566a4c7360725801ef5e462616aacfa1a5539b06bc8dbff845751f58ff00efe0a2b4f6479bed51ceebde1c9b4ddd3db9335a8ea08f993ebea2b9691086debc1edef5db4aaf3c6e73d5a7c8c549449c0e1bb8a478c30cf7f5add3b98088dc91e94add6801dda969805385002ff162a558f03268014a83db9a43b546481458085c291b987d07ad471445a52c474a901fe51326e238152ff0f4a2c044dd1be954dfab7be2801f1372c7f0a9802450326b794c370b20ec6baeb196386ddae6591a18d5b78751cf00e31f8e2b87151f7e2fb9e961aa7fb3ce069ff6d69fff003fe7ff0002c7f8d15a72b38fdd3a0ba80491918cd797ebda78b0bf6455c46ff328f4f515cd869da563af10af139e90157caf5a923bafe17af4533ce63cc919395ebe9485b8aab88729a7e453402d20719e69dc07191077149f6ac0c01b852b80e13cadf723c5489113f3c8727d28017cb2cdb88fa54f0c2490a065d8f0a3a9a2e04f79a6ddd92c2f736b340b3026332215de075c66a9b77a40577fba6a84cd8940f6a4c09a318451dcf26a60c471420240727daba1d3a48ee34e4826569232fb2444fbdb7be3df19ac71316e2addce9c3cf95b46c63c23ff00407bff00ca8a5cb32398ec946e1cd731e30d19aeb4f33c2a5a58be6c0ea4771fd6bcea72b4933d1a8af168f32914a8e99a81d33c8af516a798d0c0c475a93cc056ad32004bcd3fcf03a555c421b8a679a4f4a570258e2690fcd9ae9bc3de16b9d696ea484a4705ac7ba599c7ca0f61f53c9fa0a606fdb7847449ef56dadfc516d39f2b77eee2c9771d5546ec9fa9abba6f8474069e14bebfbe9bcee63315b3c6b20037310c54e78e98a972605ab1d17c3cd7bbadb47d52e92000dcfda3e44841e773671c05ed8e6b7f43d7a1d61adad742b1b1b0223f32e7cb51ba342d80abc025c8c64f419fa52901c77c4ebe173e244b653f2dac013e8492dfcb6d70ff00c39aa8ec05793eed66c83376a28605c5525bd8548063bd302555c8e0d5ed3a5105e26e62b1b90ac73d3de892ba2a2ec5cf363ff9ea3fefaa2b3e52ae7a8c272a315318c32e08c835e3a3d5670fe26f05193ccbbd35327259e01fcd7fc2b817d3a74ce233807041eb5dd46a2d99c7528b6ee8a92c0ebd548fc2a03e95d49a672ca0d3d44dade94a22909e86ab52192adab9ebc55a8ed55793cd5a881617629f4af51d3f49d413c062c2c8a09aec892656942e0375e7d7000fc4d2934059bfd264d5ad63577d1f4e9208fca86249fa0380cccd8c96c0c01d392735aba65a689a5ded9defdb6c239a08da3751a833a10c003c3e4e3db8e959811dcebbe1ab4b4d4a29b59858dfb96b8580b48cc36edc29038e3f0e6b971e3bd1f4f746d1f421e7c718892795827ca3d9467f5a1a6d81c6eada9cdabea73de4db44d3b6e60bd07b0aa4d5a25602097a55092375ba47643b5c650fae0e3f9d4b6ae528b69bec582c54003ef1a1547f1126a892c46b8e878ab001c00396270053e8345afec4d5bfe81973ff007e5a8acb99167a6e9f789246a411cfbd6bc643579091ea48b1e5e474ae63c45e158b500d736e816e40c903a3e3fafbd5df94507a9c13dadbc2ecb282aca7054f515cf6ad0c49765e0fb8c338f43deba28c9f36a3c5c63ecee8a2b3bad4cb7c3bad77459e43255bb0dd2a4f319bbf157710e5c0ed9a9d6461dce293404aae48e83f2a73ce91f5eb4f44055333c8c4e6a4560171dea56e3147ca3de98cf47402176e2b5f50b4ff008a4ec65dbf3238e7fdecf15cf59be68dbb9dd848a74ea5fb7ea62246abf331c93536463815d2b63849220d230544666f4519adab6d02fe750cd0b4207218f518ef5856af0a5bee6d4a84ea3f2343fb3a6ffa0aea1ff7f8d15c9f5b3b3ea91ee2595edc69c88d33ab4591f3060719e9915dae91aa4770170c0e7deb39c6cee69d2c74a854a020fe5504cb396dab1f978feff2c7fe03fe352d69732bea715e2ff0f2b33ea3102dcfef78f9beb81c5703a95a05b52f1a1ca9049c76ad28cf546ce29d2661491719150743f38af44f218be5e4650d3966910e01a108b893e002e0807f5a905d2fe1daaae02fdad9b85e29a4977c649fe745ee04f1c471cd49e52afcccf8a6b602bbdc0e82a33216a9b948696278ee6bd16e3419ee7435b3f2a4dcd1aece3f880c8ff3ef5c58a6ef168f5b2c5171a91975473f69e0ad5a79025c4696c7bee60c47e03fad75563f0ff4d4406e5e79dfbfcfb47e42956c55b489cb4f0cafef1bd67e1ed3ac40f220d9f8e6a79e1408401815e6d49393bb3be164ac8c8fb1474522ce0255f2d990f4357347bb9b4fbd808626177031ed9af4aa6e72ad69a91eada6cd3cd1f98c76267e50bd4e3bd688c638ae7e845b5b904f1ac8855802a46083debcd3c43a50b29a68c03e4ba929fe1f854a7691bc3668f3f51f36c638cd326b7f6af612d0f1dee5631ba1dc3229dbf77fac407e9c1a648a044fc090ae3fbddaa64b60c38917f3a76b813c76c89c97152f9d1a1c856639cf028d8069bb73908847d45427cc93ef1349b00109e801a5d8cbd695865ad36ca6bfd4a086289a4cb8ced19c0f7af60b4b5bd953fd22521474500022b83152b49247a984718d36dee69c568918c05a9f605ae1933544723802a84f28c1e6b1ea691466f9ebeb4558ee707323b43964daea70c3be6a6b2018c20ff7ff00ad7a75d599cb8677a763d62d3e4b745fee8c55957ae5603ba8ac0f1458f9fa54d2aa6e92252ca3f0a4be2434da3c5ae6239c8fc29227de983d476af6627972dc8d8056c1ef51491056c8aa648a111fd8d21b665f990e7da958051bcf00106ad472483ef8047bd20270237ed4f10a7e540cd0b0d0aff5238b3b5775ef21e147e26babd33e1cc59126a770d2b7531c7f2afe7d4d72d7aea3a23a6951beacebec748b4d3e2f2ed604897fd915782815e64a4dbbb3b52495901602abcb301dc565266914665d5f24632cc07e35873ea8f724adb2ef19c173d07f8d108dddd953928ab10ecbafef1fc8515bda2737348e6a4f35d1a49090266f9c6ee558719fa76a58098248c120ed7c93f957a35e374638695ae8f5b838857dea65e2b80dc980a8e741244ea4672a78a4c0f16f1269bfd97ac4d6e0110b7cd1ff00ba79ae7240d1bef5fc6bd8a6ef04cf3aa2b49a25204d1e6a10db7f7728e3b1ad0cc0c2c395f997da955dd4f4348093ce76e8a33eb5a361a16a9aa60dbda4ae9d370185fccd44e692d4b8c5c9d8e9acfe1d5fca019ae2187d464b9fd2baad33c0da7596d9260d7528ef27ddfc16b8eae234b44eaa746ceece963812301554281d001d2a62b815c4fbb3a559113c8abdea9cb78883ef0aca4691572afdb4ccfb204795ff00ba8326b3af27bf691a15b778e4f475208fc28506d737429d48c74ea551a1c934824bd97ccc72539db57bec30c58db1903a123a55ab1cd26db17c88a8a64ea7ffd9ffed007850686f746f73686f7020332e30003842494d04040000000000401c015a00031b25471c0267001459514e4f4c5a4858594f726b4d3068374c5468431c0237000832303231303831351c023c000b3230353331312b3030303000003842494d04250000000000104ed11ed830f040c8df1cbba8485ce5b5ffe131e8687474703a2f2f6e732e61646f62652e636f6d2f7861702f312e302f003c3f787061636b657420626567696e3d27efbbbf272069643d2757354d304d7043656869487a7265537a4e54637a6b633964273f3e0d0a3c783a786d706d65746120786d6c6e733a783d2261646f62653a6e733a6d6574612f223e3c7264663a52444620786d6c6e733a7264663d22687474703a2f2f7777772e77332e6f72672f313939392f30322f32322d7264662d73796e7461782d6e7323223e3c7264663a4465736372697074696f6e207264663a61626f75743d22757569643a66616635626464352d626133642d313164612d616433312d6433336437353138326631622220786d6c6e733a786d703d22687474703a2f2f6e732e61646f62652e636f6d2f7861702f312e302f223e3c786d703a43726561746f72546f6f6c3e57696e646f77732050686f746f20456469746f722031302e302e31303031312e31363338343c2f786d703a43726561746f72546f6f6c3e3c786d703a437265617465446174653e323032312d30382d31355432303a35333a31312e3334373c2f786d703a437265617465446174653e3c2f7264663a4465736372697074696f6e3e3c2f7264663a5244463e3c2f783a786d706d6574613e0d0a202020202020202020202020202020202020202020202020202020202020202020202020202020202020202020202020202020202020202020202020202020202020202020202020202020202020202020202020202020202020202020202020202020200a202020202020202020202020202020202020202020202020202020202020202020202020202020202020202020202020202020202020202020202020202020202020202020202020202020202020202020202020202020202020202020202020202020200a202020202020202020202020202020202020202020202020202020202020202020202020202020202020202020202020202020202020202020202020202020202020202020202020202020202020202020202020202020202020202020202020202020200a202020202020202020202020202020202020202020202020202020202020202020202020202020202020202020202020202020202020202020202020202020202020202020202020202020202020202020202020202020202020202020202020202020200a202020202020202020202020202020202020202020202020202020202020202020202020202020202020202020202020202020202020202020202020202020202020202020202020202020202020202020202020202020202020202020202020202020200a202020202020202020202020202020202020202020202020202020202020202020202020202020202020202020202020202020202020202020202020202020202020202020202020202020202020202020202020202020202020202020202020202020200a202020202020202020202020202020202020202020202020202020202020202020202020202020202020202020202020202020202020202020202020202020202020202020202020202020202020202020202020202020202020202020202020202020200a202020202020202020202020202020202020202020202020202020202020202020202020202020202020202020202020202020202020202020202020202020202020202020202020202020202020202020202020202020202020202020202020202020200a202020202020202020202020202020202020202020202020202020202020202020202020202020202020202020202020202020202020202020202020202020202020202020202020202020202020202020202020202020202020202020202020202020200a202020202020202020202020202020202020202020202020202020202020202020202020202020202020202020202020202020202020202020202020202020202020202020202020202020202020202020202020202020202020202020202020202020200a202020202020202020202020202020202020202020202020202020202020202020202020202020202020202020202020202020202020202020202020202020202020202020202020202020202020202020202020202020202020202020202020202020200a202020202020202020202020202020202020202020202020202020202020202020202020202020202020202020202020202020202020202020202020202020202020202020202020202020202020202020202020202020202020202020202020202020200a202020202020202020202020202020202020202020202020202020202020202020202020202020202020202020202020202020202020202020202020202020202020202020202020202020202020202020202020202020202020202020202020202020200a202020202020202020202020202020202020202020202020202020202020202020202020202020202020202020202020202020202020202020202020202020202020202020202020202020202020202020202020202020202020202020202020202020200a202020202020202020202020202020202020202020202020202020202020202020202020202020202020202020202020202020202020202020202020202020202020202020202020202020202020202020202020202020202020202020202020202020200a202020202020202020202020202020202020202020202020202020202020202020202020202020202020202020202020202020202020202020202020202020202020202020202020202020202020202020202020202020202020202020202020202020200a202020202020202020202020202020202020202020202020202020202020202020202020202020202020202020202020202020202020202020202020202020202020202020202020202020202020202020202020202020202020202020202020202020200a202020202020202020202020202020202020202020202020202020202020202020202020202020202020202020202020202020202020202020202020202020202020202020202020202020202020202020202020202020202020202020202020202020200a202020202020202020202020202020202020202020202020202020202020202020202020202020202020202020202020202020202020202020202020202020202020202020202020202020202020202020202020202020202020202020202020202020200a202020202020202020202020202020202020202020202020202020202020202020202020202020202020202020202020202020202020202020202020202020202020202020202020202020202020202020202020202020202020202020202020202020200a202020202020202020202020202020202020202020202020202020202020202020202020202020202020202020202020202020202020202020202020202020202020202020202020202020202020202020202020202020202020202020202020202020200a202020202020202020202020202020202020202020202020202020202020202020202020202020202020202020202020202020202020202020202020202020202020202020202020202020202020202020202020202020202020202020202020202020200a202020202020202020202020202020202020202020202020202020202020202020202020202020202020202020202020202020202020202020202020202020202020202020202020202020202020202020202020202020202020202020202020202020200a202020202020202020202020202020202020202020202020202020202020202020202020202020202020202020202020202020202020202020202020202020202020202020202020202020202020202020202020202020202020202020202020202020200a202020202020202020202020202020202020202020202020202020202020202020202020202020202020202020202020202020202020202020202020202020202020202020202020202020202020202020202020202020202020202020202020202020200a202020202020202020202020202020202020202020202020202020202020202020202020202020202020202020202020202020202020202020202020202020202020202020202020202020202020202020202020202020202020202020202020202020200a202020202020202020202020202020202020202020202020202020202020202020202020202020202020202020202020202020202020202020202020202020202020202020202020202020202020202020202020202020202020202020202020202020200a202020202020202020202020202020202020202020202020202020202020202020202020202020202020202020202020202020202020202020202020202020202020202020202020202020202020202020202020202020202020202020202020202020200a202020202020202020202020202020202020202020202020202020202020202020202020202020202020202020202020202020202020202020202020202020202020202020202020202020202020202020202020202020202020202020202020202020200a202020202020202020202020202020202020202020202020202020202020202020202020202020202020202020202020202020202020202020202020202020202020202020202020202020202020202020202020202020202020202020202020202020200a202020202020202020202020202020202020202020202020202020202020202020202020202020202020202020202020202020202020202020202020202020202020202020202020202020202020202020202020202020202020202020202020202020200a202020202020202020202020202020202020202020202020202020202020202020202020202020202020202020202020202020202020202020202020202020202020202020202020202020202020202020202020202020202020202020202020202020200a202020202020202020202020202020202020202020202020202020202020202020202020202020202020202020202020202020202020202020202020202020202020202020202020202020202020202020202020202020202020202020202020202020200a202020202020202020202020202020202020202020202020202020202020202020202020202020202020202020202020202020202020202020202020202020202020202020202020202020202020202020202020202020202020202020202020202020200a202020202020202020202020202020202020202020202020202020202020202020202020202020202020202020202020202020202020202020202020202020202020202020202020202020202020202020202020202020202020202020202020202020200a202020202020202020202020202020202020202020202020202020202020202020202020202020202020202020202020202020202020202020202020202020202020202020202020202020202020202020202020202020202020202020202020202020200a202020202020202020202020202020202020202020202020202020202020202020202020202020202020202020202020202020202020202020202020202020202020202020202020202020202020202020202020202020202020202020202020202020200a202020202020202020202020202020202020202020202020202020202020202020202020202020202020202020202020202020202020202020202020202020202020202020202020202020202020202020202020202020202020202020202020202020200a202020202020202020202020202020202020202020202020202020202020202020202020202020202020202020202020202020202020202020202020202020202020202020202020202020202020202020202020202020202020202020202020202020200a202020202020202020202020202020202020202020202020202020202020202020202020202020202020202020202020202020202020202020202020202020202020202020202020202020202020202020202020202020202020202020202020202020200a202020202020202020202020202020202020202020202020202020202020202020202020202020202020202020202020202020202020202020202020202020202020202020202020202020202020202020202020202020202020202020202020202020200a202020202020202020202020202020202020202020202020202020202020202020202020202020202020202020202020202020202020202020202020202020202020202020202020202020202020202020202020202020202020202020202020202020200a202020202020202020202020202020202020202020202020202020202020202020202020202020202020202020202020202020202020202020202020202020202020202020202020202020202020202020202020202020202020202020202020202020200a202020202020202020202020202020202020202020202020202020202020202020202020202020202020202020202020202020202020202020202020202020202020202020202020202020202020202020202020202020202020202020202020202020200a202020202020202020202020202020202020202020202020202020202020202020202020202020202020202020202020202020202020202020202020202020202020202020202020202020202020202020202020202020202020202020202020202020200a202020202020202020202020202020202020202020202020202020202020202020202020202020202020202020202020202020202020202020202020202020202020202020202020202020202020202020202020202020202020202020202020202020200a202020202020202020202020202020202020202020202020202020202020202020202020202020202020202020202020202020202020202020202020202020202020202020202020202020202020202020202020202020202020202020202020202020200a202020202020202020202020202020202020202020202020202020202020202020202020202020202020202020202020202020202020202020202020202020202020202020202020202020202020202020202020202020202020202020202020202020200a202020202020202020202020202020202020202020202020202020202020202020202020202020202020202020202020202020202020202020202020202020202020202020202020202020202020202020202020202020202020202020202020202020200a202020202020202020202020202020202020202020202020202020202020202020202020202020202020202020202020202020202020202020202020202020202020202020202020202020202020202020202020202020202020202020202020202020200a202020202020202020202020202020202020202020202020202020202020202020202020202020202020202020202020202020202020202020202020202020202020202020202020202020202020202020202020202020202020202020202020202020200a202020202020202020202020202020202020202020202020202020202020202020202020202020202020202020202020202020202020202020202020202020202020202020202020202020202020202020202020202020202020202020202020202020200a202020202020202020202020202020202020202020202020202020202020202020202020202020202020202020202020202020202020202020202020202020202020202020202020202020202020202020202020202020202020202020202020202020200a202020202020202020202020202020202020202020202020202020202020202020202020202020202020202020202020202020202020202020202020202020202020202020202020202020202020202020202020202020202020202020202020202020200a202020202020202020202020202020202020202020202020202020202020202020202020202020202020202020202020202020202020202020202020202020202020202020202020202020202020202020202020202020202020202020202020202020200a202020202020202020202020202020202020202020202020202020202020202020202020202020202020202020202020202020202020202020202020202020202020202020202020202020202020202020202020202020202020202020202020202020200a202020202020202020202020202020202020202020202020202020202020202020202020202020202020202020202020202020202020202020202020202020202020202020202020202020202020202020202020202020202020202020202020202020200a202020202020202020202020202020202020202020202020202020202020202020202020202020202020202020202020202020202020202020202020202020202020202020202020202020202020202020202020202020202020202020202020202020200a202020202020202020202020202020202020202020202020202020202020202020202020202020202020202020202020202020202020202020202020202020202020202020202020202020202020202020202020202020202020202020202020202020200a202020202020202020202020202020202020202020202020202020202020202020202020202020202020202020202020202020202020202020202020202020202020202020202020202020202020202020202020202020202020202020202020202020200a202020202020202020202020202020202020202020202020202020202020202020202020202020202020202020202020202020202020202020202020202020202020202020202020202020202020202020202020202020202020202020202020202020200a202020202020202020202020202020202020202020202020202020202020202020202020202020202020202020202020202020202020202020202020202020202020202020202020202020202020202020202020202020202020202020202020202020200a202020202020202020202020202020202020202020202020202020202020202020202020202020202020202020202020202020202020202020202020202020202020202020202020202020202020202020202020202020202020202020202020202020200a202020202020202020202020202020202020202020202020202020202020202020202020202020202020202020202020202020202020202020202020202020202020202020202020202020202020202020202020202020202020202020202020202020200a202020202020202020202020202020202020202020202020202020202020202020202020202020202020202020202020202020202020202020202020202020202020202020202020202020202020202020202020202020202020202020202020202020200a202020202020202020202020202020202020202020202020202020202020202020202020202020202020202020202020202020202020202020202020202020202020202020202020202020202020202020202020202020202020202020202020202020200a202020202020202020202020202020202020202020202020202020202020202020202020202020202020202020202020202020202020202020202020202020202020202020202020202020202020202020202020202020202020202020202020202020200a202020202020202020202020202020202020202020202020202020202020202020202020202020202020202020202020202020202020202020202020202020202020202020202020202020202020202020202020202020202020202020202020202020200a202020202020202020202020202020202020202020202020202020202020202020202020202020202020202020202020202020202020202020202020202020202020202020202020202020202020202020202020202020202020202020202020202020200a202020202020202020202020202020202020202020202020202020202020202020202020202020202020202020202020202020202020202020202020202020202020202020202020202020202020202020202020202020202020202020202020202020200a202020202020202020202020202020202020202020202020202020202020202020202020202020202020202020202020202020202020202020202020202020202020202020202020202020202020202020202020202020202020202020202020202020200a202020202020202020202020202020202020202020202020202020202020202020202020202020202020202020202020202020202020202020202020202020202020202020202020202020202020202020202020202020202020202020202020202020200a202020202020202020202020202020202020202020202020202020202020202020202020202020202020202020202020202020202020202020202020202020202020202020202020202020202020202020202020202020202020202020202020202020200a202020202020202020202020202020202020202020202020202020202020202020202020202020202020202020202020202020202020202020202020202020202020202020202020202020202020202020202020202020202020202020202020202020200a202020202020202020202020202020202020202020202020202020202020202020202020202020202020202020202020202020202020202020202020202020202020202020202020202020202020202020202020202020202020202020202020202020200a202020202020202020202020202020202020202020202020202020202020202020202020202020202020202020202020202020202020202020202020202020202020202020202020202020202020202020202020202020202020202020202020202020200a202020202020202020202020202020202020202020202020202020202020202020202020202020202020202020202020202020202020202020202020202020202020202020202020202020202020202020202020202020202020202020202020202020200a202020202020202020202020202020202020202020202020202020202020202020202020202020202020202020202020202020202020202020202020202020202020202020202020202020202020202020202020202020202020202020202020202020200a202020202020202020202020202020202020202020202020202020202020202020202020202020202020202020202020202020202020202020202020202020202020202020202020202020202020202020202020202020202020202020202020202020200a202020202020202020202020202020202020202020202020202020202020202020202020202020202020202020202020202020202020202020202020202020202020202020202020202020202020202020202020202020202020202020202020202020200a202020202020202020202020202020202020202020202020202020202020202020202020202020202020202020202020202020202020202020202020202020202020202020202020202020202020202020202020202020202020202020202020202020200a202020202020202020202020202020202020202020202020202020202020202020202020202020202020202020202020202020202020202020202020202020202020202020202020202020202020202020202020202020202020202020202020202020200a202020202020202020202020202020202020202020202020202020202020202020202020202020202020202020202020202020202020202020202020202020202020202020202020202020202020202020202020202020202020202020202020202020200a202020202020202020202020202020202020202020202020202020202020202020202020202020202020202020202020202020202020202020202020202020202020202020202020202020202020202020202020202020202020202020202020202020200a202020202020202020202020202020202020202020202020202020202020202020202020202020202020202020202020202020202020202020202020202020202020202020202020202020202020202020202020202020202020202020202020202020200a202020202020202020202020202020202020202020202020202020202020202020202020202020202020202020202020202020202020202020202020202020202020202020202020202020202020202020202020202020202020202020202020202020200a202020202020202020202020202020202020202020202020202020202020202020202020202020202020202020202020202020202020202020202020202020202020202020202020202020202020202020202020202020202020202020202020202020200a202020202020202020202020202020202020202020202020202020202020202020202020202020202020202020202020202020202020202020202020202020202020202020202020202020202020202020202020202020202020202020202020202020200a202020202020202020202020202020202020202020202020202020202020202020202020202020202020202020202020202020202020202020202020202020202020202020202020202020202020202020202020202020202020202020202020202020200a202020202020202020202020202020202020202020202020202020202020202020202020202020202020202020202020202020202020202020202020202020202020202020202020202020202020202020202020202020202020202020202020202020200a202020202020202020202020202020202020202020202020202020202020202020202020202020202020202020202020202020202020202020202020202020202020202020202020202020202020202020202020202020202020202020202020202020200a202020202020202020202020202020202020202020202020202020202020202020202020202020202020202020202020202020202020202020202020202020202020202020202020202020202020202020202020202020202020202020202020202020200a202020202020202020202020202020202020202020202020202020202020202020202020202020202020202020202020202020202020202020202020202020202020202020202020202020202020202020202020202020202020202020202020202020200a202020202020202020202020202020202020202020202020202020202020202020202020202020202020202020202020202020202020202020202020202020202020202020202020202020202020202020202020202020202020202020202020202020200a202020202020202020202020202020202020202020202020202020202020202020202020202020202020202020202020202020202020202020202020202020202020202020202020202020202020202020202020202020202020202020202020202020200a202020202020202020202020202020202020202020202020202020202020202020202020202020202020202020202020202020202020202020202020202020202020202020202020202020202020202020202020202020202020202020202020202020200a202020202020202020202020202020202020202020202020202020202020202020202020202020202020202020202020202020202020202020202020202020202020202020202020202020202020202020202020202020202020202020202020202020200a202020202020202020202020202020202020202020202020202020202020202020202020202020202020202020202020202020202020202020202020202020202020202020202020202020202020202020202020202020202020202020202020202020200a202020202020202020202020202020202020202020202020202020202020202020202020202020202020202020202020202020202020202020202020202020202020202020202020202020202020202020202020202020202020202020202020202020200a202020202020202020202020202020202020202020202020202020202020202020202020202020202020202020202020202020202020202020202020202020202020202020202020202020202020202020202020202020202020202020202020202020200a202020202020202020202020202020202020202020202020202020202020202020202020202020202020202020202020202020202020202020202020202020202020202020202020202020202020202020202020202020202020202020202020202020200a202020202020202020202020202020202020202020202020202020202020202020202020202020202020202020202020202020202020202020202020202020202020202020202020202020202020202020202020202020202020202020202020202020200a202020202020202020202020202020202020202020202020202020202020202020202020202020202020202020202020202020202020202020202020202020202020202020202020202020202020202020202020202020202020202020202020202020200a202020202020202020202020202020202020202020202020202020202020202020202020202020202020202020202020202020202020202020202020202020202020202020202020202020202020202020202020202020202020202020202020202020200a202020202020202020202020202020202020202020202020202020202020202020202020202020202020202020202020202020202020202020202020202020202020202020202020202020202020202020202020202020202020202020202020202020200a202020202020202020202020202020202020202020202020202020202020202020202020202020202020202020202020202020202020202020202020202020202020202020202020202020202020202020202020202020202020202020202020202020200a202020202020202020202020202020202020202020202020202020202020202020202020202020202020202020202020202020202020202020202020202020202020202020202020202020202020202020202020202020202020202020202020202020200a202020202020202020202020202020202020202020202020202020202020202020202020202020202020202020202020202020202020202020202020202020202020202020202020202020202020202020202020202020202020202020202020202020200a202020202020202020202020202020202020202020202020202020202020202020202020202020202020202020202020202020202020202020202020202020202020202020202020202020202020202020202020202020202020202020202020202020200a202020202020202020202020202020202020202020202020202020202020202020202020202020202020202020202020202020202020202020202020202020202020202020202020202020202020202020202020202020202020202020202020202020200a202020202020202020202020202020202020202020202020202020202020202020202020202020202020202020202020202020202020202020202020202020202020202020202020202020202020202020202020202020202020202020202020202020200a202020202020202020202020202020202020202020202020202020202020202020202020202020202020202020202020202020202020202020202020202020202020202020202020202020202020202020202020202020202020202020202020202020200a202020202020202020202020202020202020202020202020202020202020202020202020202020202020202020202020202020202020202020202020202020202020202020202020202020202020202020202020202020202020202020202020202020200a202020202020202020202020202020202020202020202020202020202020202020202020202020202020202020202020202020202020202020202020202020202020202020202020202020202020202020202020202020202020202020202020202020200a202020202020202020202020202020202020202020202020202020202020202020202020202020202020202020202020202020202020202020202020202020202020202020202020202020202020202020202020202020202020202020202020202020200a202020202020202020202020202020202020202020202020202020202020202020202020202020202020202020202020202020202020202020202020202020202020202020202020202020202020202020202020202020202020202020202020202020200a202020202020202020202020202020202020202020202020202020202020202020202020202020202020202020202020202020202020202020202020202020202020202020202020202020202020202020202020202020202020202020202020202020200a202020202020202020202020202020202020202020202020202020202020202020202020202020202020202020202020202020202020202020202020202020202020202020202020202020202020202020202020202020202020202020202020202020200a202020202020202020202020202020202020202020202020202020202020202020202020202020202020202020202020202020202020202020202020202020202020202020202020202020202020202020202020202020202020202020202020202020200a202020202020202020202020202020202020202020202020202020202020202020202020202020202020202020202020202020202020202020202020202020202020202020202020202020202020202020202020202020202020202020202020202020200a202020202020202020202020202020202020202020202020202020202020202020202020202020202020202020202020202020202020202020202020202020202020202020202020202020202020202020202020202020202020202020202020202020200a202020202020202020202020202020202020202020202020202020202020202020202020202020202020202020202020202020202020202020202020202020202020203c3f787061636b657420656e643d2777273f3effdb0043000302020302020303030304030304050805050404050a070706080c0a0c0c0b0a0b0b0d0e12100d0e110e0b0b1016101113141515150c0f171816141812141514ffdb00430103040405040509050509140d0b0d1414141414141414141414141414141414141414141414141414141414141414141414141414141414141414141414141414ffc00011080180012103012200021101031101ffc4001f0000010501010101010100000000000000000102030405060708090a0bffc400b5100002010303020403050504040000017d01020300041105122131410613516107227114328191a1082342b1c11552d1f02433627282090a161718191a25262728292a3435363738393a434445464748494a535455565758595a636465666768696a737475767778797a838485868788898a92939495969798999aa2a3a4a5a6a7a8a9aab2b3b4b5b6b7b8b9bac2c3c4c5c6c7c8c9cad2d3d4d5d6d7d8d9dae1e2e3e4e5e6e7e8e9eaf1f2f3f4f5f6f7f8f9faffc4001f0100030101010101010101010000000000000102030405060708090a0bffc400b51100020102040403040705040400010277000102031104052131061241510761711322328108144291a1b1c109233352f0156272d10a162434e125f11718191a262728292a35363738393a434445464748494a535455565758595a636465666768696a737475767778797a82838485868788898a92939495969798999aa2a3a4a5a6a7a8a9aab2b3b4b5b6b7b8b9bac2c3c4c5c6c7c8c9cad2d3d4d5d6d7d8d9dae2e3e4e5e6e7e8e9eaf2f3f4f5f6f7f8f9faffda000c03010002110311003f00fd106c46df2ccc3e8c69ab932e7cd6231fde355e6ba00c4a5501c7a0e69b25c32310a171f4ae273d4eb513484e4c6e8260bea0f35661d40a42a86456ff0068715cfbdc36eced5fc0e298d33750993e9baa3da15eccd5bc93cc9142c99cf5e6b32f4c5e67ccc0103b542f32c6cac7e5cf6ce6a86a10c93b978d971eed8ae4ad534d11bd3a6ae5cdd1b46544dc67a135526b41e5c8c245daaa49f5aa125aceb18e549f50d504d6b75e4c841c0d873835e5d4ad2e57eef43b69d2f796a79a78ae4b98c09ed65936e7055588ee6b969bc4ba95aae63b89e31dc33b75aea6eef36c811b0d1e1b763af1e958cdf0ebc69ad590bfb63a7b58cd96844afb5f6fbd7c361a55ebd49723773ed39e961e9af6a958e79bc73a8ae7fd25b39fe204d4527c40d557e63711b8ff0076ad5c7c2df1ec00ff00c492d6e57afeeae7ad62df7817c6f12153e0c998752d0cb9af47d9e3a3bdce88d7cbe696c5b5f8aba85bcaac3c99194f23715e3e950dc7c53beb8b8f9e05219b215189033c572f79e1fd7ed3734fe11d462651d973fad47a5da9f30cb710bc0e3ac330e54fd2b3a988c55287bccda9d0c156bb824cefa1f135c5f4d25bca85251cf5c93ef4f178ccd8619c0ef597a7cc0f88ee0ec04796bdbdab45ae91a400aa8dc42e71ef5d942bf328ce4f5678d5a9abca318687827c409c8f1c6aaaa8027983a0ff0064573d261b2467f0adcf88185f1a6ae1589c4d83cffb22b9f25b61da4e7eb5f52a5cd668f0edcaac79dfc44f0be9fac6a10bdc44c5fca0b91e9b9bfc6b82baf86361b898267847a1e6bdb3c41e1dbfd5becd770585c4f13443e788640393c7d6b9b93c3979148c2682ea21fdd68abdba559c6295cf06bc539dec78e6b1f0f9ecedda58e7f3caf6ae38288e4c6ddacae015fc7ad7d35a2782c6ad3c81d1c42bf799d31f85781fc40b5b7d3fc69a8456b8d90cbb401c720af1fafeb5d946b7349a39e54acae7e9b7ec1be14b08ff00655f0b5ea5baa6a173abdccb25c6c01dd72000cdd48183d6be82d4b528ecd6386795463718e38be77ea4703d38af08fd82bc47a76a3fb39781f42924733fdb2f8caabdb0f95fcf247e15f4f683e1fb1b4d42e5e0b2fdf23e048d8c8e013cfd49ae0a979499d317ca8f3bd6a4b9b7f096a8eb6d2059ada5f9a51b48f978af91750d3755f1178834ad2e5855259c47e5464fc9f779247e39afb63e2ceeb7f0debe1a4cff00a24870ad90bc0e7ebd6be4af0e5c0d53e28689760afd8ada2df348ed8544080673f506bc0c4c7f7f147bf8493fabca4753e22f0e3fc15f05690b7b125c5a5c4e6de4910e48918f503d8115c87c615b782df4ab517525ccd293247bb38440076f5eb5d6fed11e29b1f13782ad348d1a17d4b50b7bd8e65308270323907d315c17c4ed59752bab75fb3dc3bdbc2b1199e3c2a9c7cc07e7558b4e2d20cbfdfbb91c4b5b88f0a8fc1e724d63f8b2cddadedf329ebf7735a9f680580dacdb46395ac7f13dc295b7dcdb39e856b18c9dd1eacacb667391d9ccd221ca90013cfd457eaa7ec3be1c8345f803a2dc2387b8bd6927980fe16ddb42fe0147e75f9656f711eee5b70c1ed5fa8dfb17ea76b69f0474f8e59b6b798ce173ce085e9f8e6bdec36b2478798c5ba175dcfa23fad729f126ce69fc353496cb1b4eacb8f30023ff00d75b2be22b26908df803bb715e7df12fc685aceda1b70562694062a7af3debd191f30b73c534fd36f9ef35659af65b731032ccc8e46f24e31ee78abba3f87744d36d60fed15f32eaf7ee46470a09e063d7393f8d6fea5a5158ae634243df5d47c8ea0715d1dd7c293e20d72dae19d8ac254a7a7159729bdf975672dff0adf4dff9f75fc8515eb1ff000897b1fca8a3947ed4c0ba57f3031201518033511bb23ef9c1ac99b533bf98664f665aa971ab00c060a9c7fcb4535e44eab5d0ee8d25dcda9ae033021bb7734c4ba30c81b70c74ac2fb4b4abb832bf38ca8c54cbb9a2249e9fc35c52a8efb1d6a9ab6e68cf79ba46cb719e8071552e2e379e598f1e94db1b82a8dd863f8bf9d539b546dc7e7fd6b0a8eeae3845df41ed73b739738c74e9568df16d3ca46f8c86ce0f5e2b126d437b7cc55b8efcd356fbaaa85c6d6eded5c13aea1192bf43b6349c9c5d8f3fbcb811b316c12438fc6bb8f0edc4779a2e8d04a4ec16ec3f1c9af36d42666dc0637e5b15dc7c3564d7f49586393ecf3db26dcca8c4727b57ce70fcb9f1133d8cdf0f2a9858ca2b63afb6b48622f9660bb7e56cf4e2a947a95cc709297572aaa31b91c939fceb2b5dd4efb41d40dac852e157f894151f91ac89fc4b2c65992019ff0064d7e852a94e1a367c746515354947566ecfe22d4e3bcb257d4249ad9a550eb2e790723047715f3678c75c8ecbc71a943232856b86038c77af6ab3d625d5356b28d91627f3d386e411935f347c6edf2f89b5492dc813c572d9dbc1eb5e163946bc7dd67d5e494dd2c4d48496c7a0f85f5649b5690b2197e5c6e06b7da6b79ee02f94c8db863d3eb5e6df08ee9ee2d04f71b8cbbcaf5ebc0af47c81283b4a92c31e95e4c632a3cb16f43beb28b9c9a478078da175f196afceecce4e7f01580c920c819049c0aeabc650bc7e2cd5727933e78fa0ac2990ed639e71915f534ed65a9f3b28bd4ed7c23e228b4cf0cd9412b61f24feb5a375e2ab191099248d14724b004d7977882fbfb2f4e8a62c4858feea9e79279c5737a4dd47ab6f06e6499b6f4909e0fa57ab1d8f3a51d4e87c79f14a0beb5b9b0f0dc086f48daf70502edfa57cdb79e04b9b8be96f2fa7323b49be46ee49233f5e83f2af5cd5b4d4b5922ba8f0aeafb5f68c6e5f7f5aadad589b8df85dc990760f6c1c7eb5ac5ca3b151a519fc47d81ff04fbd223b5f865a534319e2f2e1c331ff006857d79a8437b043279772b00918b911fde3ef9fc2be67fd926dadfc1ff0a7c14ba8dddaa7db9eea6616cc4bc7f3901580fa77f5afa260f145a5d43225a41737ae3861b42a03f5edda88eeee71d7d2568ec715f11117fe15febe31234b245b0c8ce771259475af887e3835cf867548adf4f91aced6e62f2668a162a0afb81dabee2f8811c979e14bd2ca90eec7eeb7673839e4d7c65e28f09ea9f1a3c7e74db531d8c8abc16e41407afe79af26affbc23d3a17f6123da3c20d6563e06b28ecd1232d046a658d40663b47715caf8fee24fecd8ec8e51a494b71c6781cd5dd4274f87ba9e87e14be575f322016e4f0acc38207e42b97f8997532f884402e30218d5877ea4d73639bd0eccbee9b39eb68537728bf9571df10a21f69b6c003f767b5742b793f99b91d597e98ae4bc67a948f77107da4ece3f335c74dbe65a9ee4b6d8e5e6848191c7ca47e78afd0bf80b75268fe1fd2ac9088d12c564c638c915f9e935c48d951b3e6200e3d48afd1df869e1fb9d42e2dece2053c9b5843795c0c796a71c7d6bdda5295d24cf1b11c9ece5ce8eb34bf125f5e79b77a84a0c70a9f2d57abf2719f5ac7f1278a12eb45f2e5fdccfe6065451c8f7aee66f04c56ea0ba11b1320638ea6bcdf58d36517f24b2445db77ca02e463d6bd09b9c4f0e11a12b9d069dae7f6fdf69eb0c6d88d72c48ea40eb5ef7e17b8596cd780194639ebd05789f81f439e6b85982b26063046315ec1a65acf6f180a31bb8aeaa4db57679d5d28bb4763a4e3d168acbfb1de7f78fe7456c729e522e8ee6cc99e7b1a649701b82c48f735ca41aa3242c03fcdd7ad22ead71b4700fd6be5a58889f431a32376fca88d4a051cfa55269c47f78293eb540ea8ec9fbc504e6a192ff31b37979c7be2b9a5523277b9bf238f42f497ded9ed557ed1092774499ff74567beaabb47ee7b763559b538d8e4dbb13ecf8ae495557f88e88c1b57e52f4b71016398d40f50055599e0e591981da7806a95d6a51fca8b0b20279f9ea072158ec2d82a4f2d9af3aace528bb491d74a3ef2ba38bba60d7070300391cd6fc3a9c3a1f86e0ba9266b44542d248876ee009e0e3ad72f7929598f27effad647c40b5d4b58f02d9d958b3335c4851864e40cd78dc3b18cb193855968767103a90c0c5d3bdceabc3be34b3f1c0b86b4b96710a99249a63d47a007ad3b47f13e95a93cf12dc6d74276f9cbb338ebf5af09f06f873c61a2f8c5a3f92c6c6128b891fe574c9fe7cd74fe2cd0ee7c69ae5bc76c2f6d22b472d3cb1b6d858138c0fcabeff1d470953111a546565d59e0e494e953a73c463759c7647ac68cc93eb1673c7233c1e7a85908c8ebeb5f3dfc4798cdf14b5eb72ca636b82a06303f2afa3744beb682c74db68e3f21210a8221d323be2be7df1ad842df1335b9e4fbcd27cbf5e39fad7858f54f0b49aa72b9f4392cdd6c654a8d5ae6d7c3fb45d366f2377f16ee3e83fc2bbf9e448f6991ce370ef5c0787612bad4a55f0ab81827d8575dabb79d6f08520956c9c77af2e8cf9d273dcebc526a6f94f14f175c34de2ed548385f3b03f2158933b79982c7691eb5bbafc2d71ae6a3279783e711f28f615932d8bb29e0fe35f534a4f951f3d2ea65f8abc317771f66bdb6d452de230794e92aef1c12738fc6b9bbcb3d574b9b7d8da59ce19029b867db9c724e2bd0af21122db59c8e419a36f973c11591ad6836cf1811a001405c2f03a57b5193b23ce71d4e0ad67d4b5ab83f6b8a186089f77eef90f8ed4be22d4bec36af70a36a8604e7a1e0f1fa0ae9d2c6382111a44a8a3f8715c9fc44b359b41d9bfc9cb707b702b7a71f68ec1cdecd5cfb9bf65fd3b4eb3f833e01b8b7b758ee3528ae2e649880097de41e7d70a2bd9f4d924b8d4afe28e2568d1d59c16c02303383eb5e07fb3c68a963f097e16f95abdc5c8b8d2eee410ceec5232aff00c2a4e07e1eb5ebd0d9ddc7e622348e8c779f98807f0ae49fb9371317efae61bf12668ed7c23a83c7b7c9f988677e10fa7f2af9a3e0bdc241e3ebbb9320755801cb1c2afccd939af71f8b2cb278252d9e0cb4d771a119ea33cfe75f35f8ab588bc2baa6a1a6d9da845d4e2fb2c7e57ca239371c631d339af3272ff6947a74e3fecd23b8f8f5ad41e3cf881e1286cee4dd416c8f34b242a7cb8f191f787d2b98f1d5ddb6a123df23c68d1e2266c1018003f3eb5ebb69a15b7837e198b082145b9fb3a091954659980dc73fa7e15e51f102178f45b45c91f3ed31f6c6076ae7cc1da48e8cb36679f0d4218f08926483c9009ae1fc6d783fb4a3c49c6c1d78ee6bb98d57cc3fc5c1ebdab83f1b42b26b326541daa00c8e95c7462afa9ee4b98cbd2f37face9d6ea77b4d790478ebc17afd9ff85fe074f0ddc5c4d2050ed0c2bd3fd851fd3f4afc65f05dbca7c67a108157cdfb7c263c8c82436718afd93d334ff126b91acd37898e9c668d08b6b1b38ddba0e7730e0f5fcabea703189f299ab9688eb751b20c5b782636cae4900753eb5c4eb0da4e96ccd2cf6b0aaf5ccb1fff00aeb4ae3e1d2ea88b1deeb5ac6a5b3ef6fbc310fc42102b9fbaf01786b4e691a2d2eda4915b9791448d9f76619af4e47cec3719a7fc4ef0ddaddaa2dfc2e31d2d91e5909f4c015d75bfc4092f94369fe1dd62e82fdd736e210dff007d9fd6b9dd06eedace5d90c515b8ddd220147e95ddda5d2c88bdc673f8d111d4df6337fe134f137fd09571ff0081f17f8515d0fda7de8ad4cf4ec7cbcaeabd548353ae1a12f97e0e30188aa46e81ea7351cb7402f1205ff6719afcfa337bb91f63249bb58b2d71d73bc7fc0b3517da1482a771fc6a98ba97a89100ff0076992de32fcfb949e9c0c565ed1ff315ecd762e7968c793b7da9b3c76ea3e6c93fecd526bc9382ca09c71c546f70efdf6fb54cadcb756b95086bd473a5bb30396c67bd2497102b615981f4cd42ec08f99b07daabb2664565208cf7af325cf67a23b61caa496a723aaccbf6a980257e7e2ba3f0fe93717be17b49e189ae36b30f5e735c76b170a97972f2b855573c9e7b573b67e28d734f69134cf175cd85b6f2cb026ed80f1c819e2bc8ca650a7899baaec7bd9861278bc2c634dea8f5c6f08586acbe5eab65a824a4fcb24536c503b0c7ae7353ea3e1bd2a3b148592f238106d204eb9623904f73d6bc96e3e2278da38f60f1acb2275dac808cff00c0ab3a5f89be318e40e7c4d6cee06034d688cdf981d2bec7eb78271b735cf9c59563a4f9d5ae7a9e9f1c66facd448cebe6aaa92771c64f04d78cf8fe45ff008585aaa2939599949231e9569be2ef8ca1b8491356d2e795391bec907e5c75ae5750d42ef58d5e5beba9c5c5edc9df2328c00ded5e6636a519d1f72773d7ca7038ac3e22552af53b2d35645d69dc296528b9f9bbe2ba3532b6d50a07cd9f99ab034e60baa344406611ae727dab5268de16590852b9c72dcd7161e9b7083510c456b4e4b98f36d72ee4875cd41368ff005c7a1f615496f1e4c0f2b773eb4dd6643fdb5a8ec1b33313d7d85568d5d5959a4ef8eb5f5f0492491f3129735d9a37b6e2e2fad99902cab17cbdc8193d2b1e48df0eacb939ef5bbab2b69f6b15e1190ebe587eb83d7fad644371e75ac8c15e59436376dc57a8b639e31bc5b39eb8866590819c573be2bb1fb55bc293aa950588dd9ce71e95e8dfd9af2c84918e3a554974a5fb41f3115cec3b770ce3e95d14aab848caac6f0b1f47fc12d4ac6d3e1efc33885cc7732d9e9371198114964dd21ebed5ec36fabbddc11325bb61814cbf1d0f6f6ae13e18e9b66be13f0bf91690c12a58389658942330c9e091d79aef2c63b1b7d1ed53ed0a92f27058eeeb93584e4e527230b72c523cff00e334cd69e15b130ba79c2eb7157393d2be6ed6745bcbbbcd3f55ba31184ea31a9620139dd9feb5ecff001eb54b617962a8e163656c263e56604735e53ab6a36cbf0d56da56235a5d522b986255dfbe30f83c7e06bc98fbf88f43d5f870b7ee7bf6b5a71b8f0fc3047300cdf26e6193ebd7f1af9ebe25dc5edbea91589ba4923b75decd8e4b12463f415eff00797823f0dc574ce444db5a3509cf239cff009ed5f35f8c2fc49ac5dbcad96672df73deab1caf3562b2db72bb9cf5bfda3ce7c48abcf2196bcf7c6975750eb9282cb2703903eb5e84d7d1336e2f96e393d6bcefc6b2c726ad2953c6dff1ac2936f747af2e5e8c4f00ea13378df417036ba5ec4432f04735fb0fe13f165bc96d6a6e1b696894827e98fe95f8e9f0cff79f10342407766e978afd07ff0084e1ad6482269193c94da40623bd7af849daaf2a3cacce97fb2a9aee7d6afaf43e48612ae00ce1bbe6b8cf116a866023f33f799c74cf15e7161e36679214321746c2beff009b002eee3f3aafa7f8baef54b63724ec59e561126df982a9eb5ea54ac8f9da38692773aad2e27b1bf61f6b8dd9df3b0f615dde97e20864b8f2239558c632ff003639f4af0cd3f5491b50d4b5595c4823f9215edb8f18c7f9eb576c164b7ba8da2b990df4f281708ce70abd71fad650ae74d4c3f567be7fc24d17fb1ff7d515e4ff00da761ff3d1bf3a2b5f6c727d58f3cfb53a3365c05cfa64d1f6fb76e4166a825b590337ef1464e6a15d36e2452cacac01c75af84df448fa9565ab65b92fa2dbc7d39a63461630ed346ab9ce24cd509b4fb86206e5047a1a9ae95cd8ac65f2fbbf84f6a2308bf8a2b41b94b4e565d9ae2260a639a0650b83f311cd576b8463d626ff0075b358ef6734d90b182a3bf4aa9f66db9c80181e9bab96525fc87447fc4744144cd90148c638350cca55422a804b727756658b1859cb21db8e83045249789f71b8279e7159b49c7e1dca8b7cf7e6d8f1df88da96b3fdb7730db6957a2d51f2668232c1bf115c7b6b5770a90f6da8c673901add978afa2e658e504c8f927d4d3208e1dc144bb57fbb9ae18d1845d9c4f7166338c3951f3636bb3b64b7dba33e9e4b556935ced23dc03eb244c0fe95f4b4d044d2380fbb9a89ac62dbc907eb5a7b18c74512e399cedd0f99a4d7915768b83b7afcea73fa8aaf178985adcc532dc79a55b3b77100fb6315f4c36996eec3e44619eea2b3aeb4783cc62b6f11c1ebb053f634edf0951c7ca72d5a382f07ea23c4faa3ea109cab8c30072011dbf95755a9dbb80b804b03d0549f66fece632451ac63a7c898aaeda8cde72bb16d80f3c55d0e453517168e0c42e64e5168f38bef246ad7bbd3e6f379c8f6151cb25bac6df276c8e2adea962936a17732c870f293e9d855536059721d40033ba4fba31d7ea79e95f60ada5b63e51df5b9d768d651eb1a2c01d77c49293f372338157df4fb78d66db0c683d0281f8d753f0f3e1c6af3f85a1b9f32c74fb5998bc6daadf450165207cc14f38ebcfb7b568eabf0e6cfecd9bbf1df8634f7ddc84be3371ff0143efc57af4e3789c12a96763ca5a057c9503f2aa3269fe75e28cedca104d7a9d8f82bc09e724527c4686ed998214d374c9e5393e84e067f0a6c9a5fc30b1ba9127d47c5ba8b44c54a47a625b86c7a16c9fc6a5c18e5555b43d0be0d5e25f68b6b6cd60e56dedfcb1331f948c9edf8d7a10b18172618a340391f2018fa570fe17f19f87f41d26de2d2b46bc6b765cab6a9aaa2363d0aa29e38fd4d743ff0b1279b6082cf4588b6d187325c1c73c03b947e18fc6a23ca96acc9b9cacec78ffed10d6ad0e9c2627cd473b76a023f9578cfc2ab0bdbcf898b1cf05dcf0aaf99032c3210b927807181ff00d7afa63e267c46d7f47f0b1d434f9343b4b885cb18c69103e0f4ced9371ce00e735e3767fb4378ff0052d5345b59fc5d79143753ec9a3b2896d5507fdb3c60570c634a35b9afa9dd2955746d63de6e3c27aeea5a6411dbe937b22039d8b1753f5c8af9bfe347c31f17f81b527d4b5cd1a7b0b0be98a5b4d2b294dd8ce0804907ebc1af54f154f73a8e9f0c7fdb3a83de33862f35fcae1c64f1f331e3dba5711e13bc9eeee3e24d85d5c3ea3a72592b470ccc5e247e7e60a7807de8aee94e7d6e6985956a31e6d2c786c996910baef6ce18b281fa76ae13c4d89f5628aa033b08fa7192700fe75da3ccf1c69cee63c92dc9eb8fe42bcf3c4d7922eab33870a637dca31c1ae2a3177d4f6e52d363d0bc2ff0eeebc0ff0017a0b2bfb98246d30c73ccf1e319650c00fcc57bc4daf4d705ef24460d2b12aac78db9af94fc03e22d4756f1d1b9d42f66b99a68cc9233b162d8002eecf5231c67a57d4b25c25d6990b2b7ef3cb040c73c81db15dd466a9622cd6e3c5e0e788cb55584acd3d8ec1bc65acd9f8874a834fd3ffb46d31e79dac577ee50b827bfddef5d7ea1e38d4fc33a3a4f7fe1e92d1d237f2e55218464e7ae3b57815cf893c4d1c2965a7bea0618cee55b58dc60fa646076af46f0ef8a3c7faa68f6b612f85afb50b3c79774d35ab48d283ea70727ebcd76c937d0f1a85a565a1dce93aec7a6f81f4ad42e15ee9ee64f359106ef36527e51ec3fc2b76d6ea78f49b8bb2c1b5291f2edfdc27ef64f7da31cd721e1fb0f1c68ba08d32d7c1f72d1c65becd35d6176293f2f0c4720e79a96c74df1958e8ff60d556cec15f733c971790c4edbbaaf2f9c71d6b9a5cd1e876468c672b392363fb59bfe7fadff003145727ff089ff00d3e681ff00839b7ffe2a8acbdac8dfea94bf991d74e777211bfe05c5043ac3f2c6319f5ac99af060059189272142fde23a0cf6ce6b47e27f8b341fd9ff004bd2e2d774c9bc53e25be81ae64d3a0b9f2bec7191f212bfc5c93f97b578387c34ebcad18e873d6ad1a695e5a87ceac3f77f91a798249172b0b7d548af9ded7f68af1a2f89ac963f068b9d22645b88adbc93e7cf08621cab7a8da47e15ed171e32d1fc4b35bdf68d6f77a65a5fc4b7115adf6e2c832548cfa6e535a627052a30e64ae88a389739a8dec6ea59dd2b7faa620ff7985605ce9b731dcc998b196c8cf35379921e9b9bdd49c5496ed379c8a9bd9ddb0b1648049c0049ff003d2bcbe68d4b41459e834e9de5cc8a2da6dc488498d8f6f971549ac668724a38fad59fda03c49a77c09b5834ebd5bad57c59731a5cb4514845adb444370dfc45b8e9d3056bcb3c27fb496ad6774d078b3e1b4971a5c165be43653496f71b1b949f96cb75ebed5ebc7289c9732d3e679f1cc15ac7a65eabbf964075f906703dcd509227552e5a4e3b00734ba4f8865d432922dc59cdb5645866ea51802a473d3047e20d6a5e5ef9720fde1e467815e0d7a3cb26a49dcf628d4ba5cb6b18b6f71b91cfef54e7b83f9d68bcd10d3d4b48e24dde9ce314c3a86ee37e4fb8a6492b4982d29c0ed8ac29fbba6a6d523cdae8565be489be691bd7e62454f25f47716a44655769c9937907e9505f5e18a44dbf30dbcf1ee6a9c9a86ffe1f6dbb7355cca1bdcb54f9969616e35353a73089d8b79873c1f4159575a82aa057982a020b6ec8abb3ea32c81463681c0f9699ab4910f254a23064c91b473d7ad528a934d363fe1c6cd2388b75b7bc8e591e5de0c8d8c138c543770dadbc6f22966214e07be455592f04734caa988c390368e054971771cd6e634186e083c0dbc8e726bec297c28f93a8ddd9eb72f8774dd42ee46bbb082f18c7184fb446ae63fdda9da32381924f1ea6b175ef0be9f0dbaac7a7c11edef1a28fe95db5b6bda1dbcbb9bc313df5c2044796e35931a487cb5e42a46d81f8fe155356f1ec76fb843f0d342b88faee9f59bb93fa2ff2fc6bde8db90f2ed2bdec729e1bd0ad135ad2c490a49fe911b1f30f607a7d2b32f345b75bef30c7bb7e5fe5918649e72715d741f17f51b70a2c7e1c7856097380dba798afb82c78acd5f8d1e3b17125bd8786bc27a73c7c2b2e911c87ebba43fe7159da1d4d2f2ec6ef83fc29a7de5e59a5ee936f7514b64e5238d656f9c37de66f5c576abe00d016640be1e75f2db72ec8e5c7e35c5daf8d7e3cdf5a016575a4c7b9323ecb6769000a7f87001f4aa775a97ed0978dbe6d62e93032560be8e3cfd315c2a34d3bb91a7354b688d9f197c2b93c41e1d6fec5f0edec9a84d2fcd2c2b283d48c1e6bcb61fd9bfe2a18ee643e1bd42458e6454f30840573fef55ad52d3e355d163737daf4aa4fdc8f5b60b8fa06c75cd626a3e1ff00889656ff0069bad3355b85385659b511313eff00313472d2bdee52a9579796c775a97c00f1d5bab470690b6e634cadc4dadc700463d46d793f5a4f08fc29d7be1ee87e229b5fd53498cea90240ad16a11dc988927e661193c7d6bc3b54d63ecf7335adce9522de45cb6e4898e7d09c576fe03f1034df0dfc69706d1a078a38170b1a0fe239fba29a549eb729fb64ac919d75f03b5337514569e22d26f615ff0059740322af24f00a9cf6ae5f57f803e2b92ea6f2e6f0ddcc3bb31bcafb5a5ff6b1b47f9155e4f88d3dac1705ad55531e5c61a05240f6e38eb59f3fc5cb2b56851c10d10dcffbb0b934a3086f137e7ac755e19f81fe3af082cba959af845f5c954a436b2c693c413fbc770c649c8c7b0aec743b1f8d0b1b437be28d2b4864196fec5b3b38947b0dcb9cfb8e3a5799e93f1434ebc8eeb51bad5adb46b546003ddc12bc6ded8538feb58f71f1b7458e6786c7514d498925a6b38ae54139fba32de98fceba14656bc56a8d615a70f895fef3d76f741f8c571e6487c73afc90ff000f91aca5b96fc232062a7d17c07e3596e567d7356d73526689d523bad75e53b8e30786c71fd4d78d37c68b84920f2f49d4a4e4a803cd507df05aa58fe266b4ac261a26ae6166cb491cf20751e8326895494928cf4152a53bba8a07d13a2fc2ed3fceb94bbd2a5b96041325d5d99533b467ef13df35d15bfc3fd0a18731787f4c573c6e10444b1f738af976f7e2c6b91dc15b3d235d36e1788e6b8207d4f35970fc57f16de2c691d8dc424371e6ddbe47eb5cf2a0dfc4cf4a9636a68a3493f91f587fc20369ff0042ee9dff0080f17f8515f337fc2c1f1bfa3ffe063ff8d158fd5e1fcc7a7f5aafff003e97dc7da3a4b3adec11a2acaed2a61254050f3fc40f047d6bc13e3f78a352f157c62f152789ae20ba9ac2de28ec8c6823f2d437cc38ec01ebef5ed4ba84a254cbb3206524678eb5f3afc535327c63f151445db2dae0a6dc823009ae0c14bf772b33e77110bc9367abf83fc1b6d71e1cf0c5ec7122df2961048f76eafe5990ee00e78041fc73553c21ad5ee95e26d7bc311456c9a369f7323428b1299a22c7383263257fd9ce393eb5ada5dc490f80f49b94755112c44215fcc7d38ae62d5da1f1f6a17064c497b149210bc0dc36f3f5ada35fdd716ce450f7af63d05afe56cfef3711c164240357fc2da94f0f8934e972aeb1ccadb25f994fd54f06a8d9dbea5a92bc90db19d738dc88a79f4e7bd5ab5d2755b7d474f91f4f936a4c19898d718e7ad78f469cbdaa95d9edd4a9154b92c8f1bf89daa5d7c49f8cf7e9e2891afede5bf5802b285c4400fdde47f0fb577727c2ff000a5e788206fec58ee619edde2999ee1d9dd002a149cf2b8551b7d00af345b90df14bce230ada91665ce467247f415ec5651fd975cd235263fe8e6e9e365c646de4e3e9cd7bb2ad2f6963c474e2a078bfc3ed62fa1f195ce9c2488d9dac0d0a08c12e02bb050c4f248181f402bd38ea93b122439e983b7b579af85ac5edfe326b02c219a617693cb1aaa12301fb76af609341d7b71c6957001e79847f8d7939853a952a29a4ede47b582ab0a70e5762a5cdc2fd9e26550491c9c60d67c97efc8cf19eed8ad79342d75801269b3607f098bffaf5049e19d466524e8d348dff005ef935e43a72a92d39bee3d1f6b1a71b3b33125bf258ee2a78ee734f96e888e131ec5cf5c28ab83c27acee38f0fdcaaffd7a556bad3f52d3115ee34eb8b6895c65a4876af3c630693a72e5bb6d7c8d39a12b356fbcce9af2e6450a1b77e1551ee269a61e72efda00cb0e9d6b5166963b39cab6d65e9f28f535cd6ababc96f148f2b1ddb78ed574e9dea2f7985595a0fdd472f6b1a5d5c48a5ca8f35b201c77ab77563045868e6c10ca3afbd64d9ef965631a6771cee071568e9f70b22bba8d85816dcdd81eb5f4b1928b5147cd4e0e71e63d826559bcd2ca26932bcb37fb0b5cf6b9acd968f6afe7318dd870aa411f5af38f1e7c526d1350b982d658c4921558fb91f2819fa579378abc61776f6de75ede497b3c84e23cf4fa0f4afa48537caae7912a9cba1e9bab7c67b7f0c33ca6e5163e999c0233f4acdf0efed21e1eb8d5bfd29511df09e6c6c761e7af3debe60d5f58935662d2970a0e36b926abdae9f6f79b8ee0d228caabf2a7f0ad9504e260ebb5a1faa3e10d76ca6d3e3b8b6bf4b8b7b8b552aed26510e4e40f438c7e75db5b49135ba4a93ee0c31b5a4c2fe1ed5f973f0efe31eafe19923d12e2eda3d32772c8ae49092e00e3d17017f5afa22cbe3c6a1a5e936cdaa5cc57c8a01486150238f9232c3a76e95e64f072bf32675c6ba92b33eae935eb13335a48ecb30c636c2cc9ff007d0e2ab5c3a5c5c4d0c52c323aae55515b3cf4ebf4af9b752fdb7adf48f0ee996b61a16e961795ee18b002e5d8000e0755014607639ae9ff0067afdb4bc2b0eb5a99f1368eb68d25b930b2aae0b918073eb9aea5858db539255657d0a3ad7c1dd57c43addfdfc1a8db5a2cf766222585880c157b8fa8abdad7c2dd5be1c7c2ff00135b9bab5d62eefcc6235b1661d0ff001679e3fad7b4f84756d2fc61e14b774bd8e38eeb5069d9a56dc5890bc6e1c83802aa6bd0da470d88991511a590305403383c73fc4303a9ac9e1e9c5d8de18aabf71f3cf87ff66cd7bc59a6e9b792cb796167743e6b94b60e88472460f7ac2f13fec9d66d79bb4ff146a5a8ac83323369c536b0241518edd3f3afb9fc55a6ff0063f8374bb5dd916d671a44be8d248cd91e876b0fc2b8abdd521d36e3c476b1429f678adc2a6c503636d5248f4e4d254a102beb1566cf8d7c47fb33ebe7c0e343b4bd8e768ddae19a78b6395001e477e95e23a0a2437cf04814c90b18db038c8e2beeb93c6d7563e23ba45891a25b5206e1f7b29debe24b3b47bad6aee79080fe7c8e40edf39e2a53517a753dbc2b9ce1eff43bb8b6dbc76736f65559573b541af71feca4bef0489accb190e5be5403f957824975e669bb638c4a73903d0d7b67c31f8816f1f81efedae648eceea1188d18fdee05706370f2972ce27bb97e29a52a72b6a71f71a5ac88246333cc06d660c41acfb7d256393735bbeccf5635d25e5f7da089622b891b2f93821bd07b74a7acd143b4ce15622790dc8cd67375251b1eb51a5429cf9a4667f67d97fcf36fce8adcfb6695fdd83fef81457372d43d9fac614f7449195c311f28393fa57867c436926f8bda90856490cd68dc46fb7a0f5af656ba90c6173c1eb9fc2bc47e202a47f1590b056dd6d20cb74fbb5c38193e592723f3ac6476b23bdbcf167f667c3cd346d6de4c71ec739c7a550926922f1169924d324b70f1317317dd39edfa0ae47529c37c39825deb88ee7cb1b18903e553dfeb51f876e046ba548d231727824f38c9ae8a71f759c5caa2d3b1f49784353ff897b8d8223e674518cfcabcd74125f38dbf3b7de5eff5ae4347ba36ba62ba44aeccfe9ec2baeb684dc5b24d22aa330c05c7b75af4b0ced14615d5e573e5fb196393e2388caf5d4d791eec457d0de20f2b4bd2f4cb38be497ed4cc5bb726be75d354ff00c2cb91380cba9af23fde35eede36be0b731472b12126dc0135c95a56ad714a37858f14f19dd4fa0f8f62bab4919653632a868d88c7ce738c5524f1feb76d21926bf99f033b5a4639e7eb57f58915be206912de297b2649818f682187271cd64dcebda4caec174560a18fce4804f35ebd292713965169a67aef817c512788ace09848436f08e09c73d4ff003af4786e4aa655f61048cab62bc5fe19f8974fbad43ecb1d835b0037707a9f5aeeb5abe56ba40a932e171889880793c9c77ae48c5c64f53aaa4b9e2b43b41aa5e79640bcb8c7fb3337f8d6178baeae2e3e1feb1e63cb71e5dc40c3cd72c065883d7e9563c3579047a37efa29779727e7639c60541e2abe8dbc197f1431298ee2e2147de338c6e39a759f3517a8a95d544ec793c972cace648210a4901768c633599e2010b786e473146927da1002aa01c7a55e499a4918b471800fddda31d2a86b9219ac265c4623519db81d477af92c3ce4aadae7d6e221cd4af6391877c11ee8d82804ff0033595af788e5b7b620ca093c75e7156a6bc4366415014672d8ef5e73ad6a51f992348559376d1bb935f6b87a3cf2e63e3aad5e45633b50d51a4be967b8e2dd13765bbb73d7dba57996b7e228a0ba7712bcf2839c86242fb0f4adaf196ad73798b7815962236b638cf27ad724da3797b98a81f2e49c57b915cba1e34dc8a9fdad1deb48db79efb877f5a34dbb58ee39505719e9542f63584feecf6e48aa6d76d080a0f26b53034b50d4a1ba77db39495395f6a9f47f1aea1343259dccfe645e8fc83f9d727fbc92e8ec1d4f38ab10efb7b80ac19493f862819d6dac8b7926ddc582f2367005324be8639046092aad921b9e6a9d95f0b5ca860a0f24a706abdd4903b968c12c4f3bb935251f4cfeceff001917c31ad59d8cf7b243a7cd3aef1bcec53c0c91d3ff00d55f686b775f6efeca50c93239dcb220e0867007fe855f951a65f0b565649028fe25f53ef5fa2dfb1dfc4cb0f885ab786b48d7a25967b00a8627c10e83905b3d79ff00d0456128dd9bc25a1f4bfc4ed5a3320b04cac90cd10076eeddb5157681ed8fd6bcdaf73e778aa6285524450bbbae3bff009f6af548f5ad2efbc4daa7dae18668ace46bd4b84015c6599767bfdd1f9d78ddd6b30cf7dac5bdc5e48127b80ede62e59632c7033e958ce2afb9549be6d8e0aeecda7f101f94796d6c416c77c1ff00eb57c836aaf6fad5ec7ce3cd9013ebf39afbc2f2dfc3cbe2286dc6a1244597291ece255e7383ebc7e95f1b6b5e21f0e69be21d5205f084f708b74e164fed7688ba863d06d38c9cf7ae096f73ec301ef4366cf41f833f0c6d7c5125d6a3a9b336996ff208d5ca967c038fa608af47d5be07f872e76bdaf996d3a8cf97bcb29ee33585e04f144de0cf0ca67c20f656973219594eaad314255704feef8e00aea74bf8989756ed707c3bfbc798ab28bf241000f9bfd5fbfe95e4626bd472d27a1edd0c37b8e5ecd9c95c7c29d666ba2225b7f2870ac5b69fd2997df087c4d246aa040f1e79064c8c7af35eb9a7f8806a16eb3a787e308dcaefbe3ffc6eacdd6ab26ccff6044fc6368bf3ff00c6eb18e2aadbe244c96bcae0cf0cff008549abff00cf35ff00bee8af60fed693fe8541ff008323ff00c45155f5aabfcc87eca1fcafef27668954011cf23fbe702bc5bc69a7dd6a1f1a2caceccedb9b82d1a7983705f94678f4afa35b50568cba46095c8381ed5e6ba87d9a4fda12c6e951407b16917e51f2b7960123d0f15186a2a9c9ea7cd57a9cd1bb32fc59f0975c8fc2d25941a95ace90c8d31896103730519c7b715e75691dfda6a5e1d86eaccdba49bb38e9c1c7f4afac27884b08e7236f1f8af35e49e3ed352d346d0ae15143fda9115c0e465db201af4bd9a8a6d1e7d39b6f53bed1654874cde58feedba31ff64574f0df9bab559413b7e551cfa9ae0ed246fb24ebd409083f90ae83c3ad2cccb179bb536fca8dd09f5a8c3c6eae7556e5b9f26eadadebf79e3cbdd53c39716c204d46455b768816628e4798cdd907b7a57a06a3f162f3c61a197bb8574ed7ede5559827faa9933812a8fe104e463db3deb23c03a4b5c687698d2c5a325ddd07be7c0174a6e64fdde7fbccd8c9f45aa7af6948b6f77a8c1216999985e38e3ed0ca71b80fee02368ff738ac67ad4b347bd2c1c1e1bda22d5e3378bfc65e1bd12c2e233a81574dd3313f31cf3f4ac7d534bb9d2b53b8d3e529e6daca629367dd2c3a9150f82d5b47f8c9e18bb8e3323b0dc39f6afa1f5af0fd878a54cb3f86a05b96909324122c323f3d4e073f535f4787c1b9439e2f4f33e0b158c851a9ece576cf22f8732cb6de2ab652708e76d7d07fb9b7ddc02c067e515c537c3a8347786f5342b982e236dc805e291b7d7f3cd5f9356d41b732583aae70df386e3fc6b4a794d6c63e6a128bf998cb37a5412f6b168e996f16ea30a7823819aa7e2a46b1f035d381b95ef611ff00a1551d32f9a4bc50519414c859472393563e205fc96df0f5c92bb7fb421e0fd0d79198616a61e12a551ea7af82c54312e3522b43cce6b9668f8401ba120564cd23f973abc4186c272c334d9b5eb88d57cb58583649dc053ef3556fb0a33ac7fbc8c82c8075e6be430f194669dcfacad35283491e67aadf79362db9f622ee6200eb5e5b76c759686e033089a5f2e38c7059c72491e9823f2ae97e2b78a1bc3d690881432c8ad9e075c9e2bc8f43f8813c8d1ace8b11855e54949c609e303f2afd0b0f1bd34cf85ad2b4ac751e24bab48ee488df884ed6f42de95caeada834856da1032572c7be7d2aa497126a931db97673b8e06013eb5d1e8de05bcbe6f31d1979c863d49f4ada75634f71d3a33abb238292c6e2eae1a2887cd9c138c803fc6a6b5f0bdccec4794efb4e3762bdc7c3bf0e7c966927882eeeaa14735dc58fc3b1b5266b6f2a25e46571bab8658f8f43d2a795396acf986dfc1f3c7e71f25cc8172063f5a8af3c3f7335aa85898480649ef5f51b781764ed3f9232c71b76f6f4accd43c071b170b1046eb95500fd2b9bfb49c5d99dcf277ca7c997505d58a90f0b2907ad568af199864b06e9c9e6be90d43c0b62db92f2db04f01b60c578ff008f3c0a74199ee6d8662ea063dcd77d1c642abe5678d89cbead05ccb5473216463b94120739afa0bf66df8963c1ff0010fc39aa3b63cb99619f71c0287a67f126be7dd3af30c039c2b0dbf8d743a1df9b5be4ea23505880a08e31827d715dd23cd83b9fb036332cda6eb3346e8ef7aa8b1797f300a58b75cf1d6b866f0a6b0fa86a936d296f3850bb71ce0fd6bca7c230eb3a8781743bab6d56def8dc400ecfb3a218f03f8d98631f5aaba5f88b539352f22f9347b8813e56f22f6dcb273d0809807fc6bcea9abb1d517cbadcf56d43c1ba8dd78834cbc16ecb1dafcbbb28319047426be78f187ec8ff00115aee5d43c39a9d8cef7176f3341792c4aaaa4e4633ef5d2f8c1bc7bbd6e3c3567633e9d902590ac3363ae0640ebfe35c8f867c7fe21d5bed51dedc58da34476b47259c4a03038f4a8a74fab3ad622a5bdd9d8d087e187ed1f0a49034fe1eb98e7010ab5c213c0c007f0c56b43f07fe3769fa2c291596812eadf686f317ed4bb7cb2ab83f5ceeababac6ab7125a9fed6d25a47c2ec58d091ef9c75aecad7c2f6d7922197c5f15b4edf7e28f4f85ce7d73b7fce2a1d2a72de28b58fc5456959d8e5b4df09fed1da7c29027853c3f73043c065d4114fafad5df3be3c427cb9fc05a4311d4aea6a3fad74f7df0a751ba9e26d27c78a23638977693131fc0e3d315666f80bae4d731491fc42b6f9463cb9b458b9f727151f56a7ff3ec7fda1897ff002f59c97db3e347fd13fd33ff000683fc68ae97fe19ebc57ff450b4affc1447fe1451f56a7ff3ec3fb4311ff3f19de69f6d716f3dcd9ce3ca7642467af4eb5e63a8c861f8dde1fdd8c35bbc7c771cd74375e28dda8c4f04ce4bc20bb312486e41e7e80579ef8935d5d27e2e784aeee5b303129b8fa92462bc9a51f78efa8eeae7d116e9ba1838ed83fad79b7c5a1f67f06d83851fbbd423238e9f39af4ab36ff478c7f75b00fae79feb5e79f1926893c1f6707cbe74b7d194527b2b64f1f8d7a165667991dcd5f07dab6aef76ac71179aacdec302bb48b4cd2ece4840b8902a92c704fa815c7f80db126abe4c8ae8bb3e6031d7b575967a4dc4aa14cb0c4aa771691c838073803f115ae0d47d9b34c43973a5d0f08f07d849078582eab74d7fa70d42f041616a3e78499e4c31f4c03fa9acaf11ac2da7466ead8e997595b782cd89df3e18fde23a26d2319ef9aecf41d09f4efed2b4d13c84d63ed52fdb26bc6f936b48c42a83dcee1cfb0ac6f175d5dd9e8b749f641a887984375ac4c817715006235eca3a71d4ee3debca9fc67dd41afa9af43cd6cddb4ff8bbe136246cc363f5afa53c21e20bb692e5599a68c659771cf73c64d7cdf79a4ff687c52f09c114a2069895562391d7bf6afa060f843358dae27d765f9b3feae420f5fad7d3d1c1e1f1d83e4ab55c2499f9762ebd6c362b9e9d3538b47437daf4ab29e624c8e6391f27f0c5634b708a4cadb19b3c61ba54107c33fb2ccaefabc83b70c79f73ef45f7c32f3be71aa5d4eecdb512395bafe75ec65383cbf279ba8aab93678b8fa98ccc6d0f64a290cb0bbf3357677193e5f1ce7b9a67c4cbe55f87464f2e3907f68c2b873ec7b575927c0ff12e89a7c5aa8fb3c966916651713f96cbd7bf7fa570de3d9dedfe1cb3cb047239d4e2531b6081c1af0b3cc442ad69d486d63e8f27a32a74a3191e57235b4361f6b9e35da012046de9d4579c6a1e1df1c7c41d5f4e36904fa168370e56d650a4038eef8eb5deea57ed7361240b6d02aecc9ca038c1af7ff084779ab68a224b6fb3dbc70aac25d70abf20e57d0673d2be3f0f5395dd2b9f5b5a97324a5a23e0cf8d1f0ff58f06c16561a9cb1ddc8ece44d17dd3fe1d2bc8ed7c2f35fdc0fddb32e42e00e00afb8ff68cf8657b2683a55f5e4cb7205d322846e40c038fd6bc9742f87ff669008a02c1f9ebd3dabea68e27f77767cf54c32f6dcb1d8c2f84bf0a5fc43e2682295185ac6c036476c0afa1750f85b6f63298eda20b127ddca8fceb5fe13f8224d0d64bd9e3f2cb7014fd0735e89a9289320a8e381c578988a8eab6d33e830b4fd9a48f2ad3fc1696f209665df83d18645747369e93c28acbf22f017b56f7d837302785f4ed4e92168f6aa2a91ee2b8a29b3d88c93d0e75bc3f0491e48dbdb8ac1d67c371a80d1825ba1e2bbd7b791f390147fb35049a70688f39359d4dceba72d6c794cde1886e7304d1ef53cee619c7b57977c42f87f1c90cd1805d0838dc335f4d43a58566464565273b88ac4f12782a29add8e164ddea335853a92a73e622b42151389f9b1ab698fa66a77568cbb4a392bfe353e9ee5b1924e3ef64ff0008ed5e95f1e7c173787f5f8aebcb0a9212a4818cf26b99f851e0c97c7de38d1742896568ee6e3fd26440711c23ef3135f7d42b2ad4948fcd7174bd8567147d99f019b53bef857a0699a86e617fb218a4573c4264f947d7ef7e18af7ed6dbc29a3ff6c5a41a15924c2e52d5248ada35f9540cb1603392739fa0ae3fc17a0e9fa2df786348b28592cac77322b73908dc1ac4f155e4b35bea330460d35fcee1b19c8cf153292308c6e6d58cba3b6c86d52101ae3cd2b1be4606460fe5d2b85f82765a1b9f88facebb691dcdb59ccf3db4732075de4850307b7158df0fe395753b607081a67dc1571c63fc7353f87f1a1fc25f14cc83cc37daac5083d32aaec48fa722b2b9b44eeb49d7fc1d70bfd9f7967676c00df1cd1428b991c0c6481dba5731e3bf8b03e14f86355f1069b676d7f358b471f9524c46e0491918ff003c5791de5e4f7575022c38847ccc03719c9aa3e3bd0759f14780359d3f4bb196f679e58f16f0905880739c134e114e43a9b1daf87bfe0a1cb348a2f7c133472672cd6f741bb0e7e6aef2d3f6fef074f837de1dd5e17eff00b9593f1c8af88e3f85be34d1e77fb6f85358b640324fd89be99cfcde955ae34eb8b4f927864b76eb8961656fd54574be54ac62a3a6e7df5ff0dfbf0f7fe81facff00e01fff005e8afcfcfddffcf41faff85159f3447cbe67eb6695f09ed6495cadab30c13cf1cd786fed53e188bc3377e0dbb10795179eaa5f3c86dc79fe55f43fc2bf8a365e3af1643a3b683e26d216e11d9aff0058b7f221455193d496fe95c17ed45f147e1cf8aeda4f0ce8fa40d76f2c4366eb3b7c803fe5a063ce739ae5587828e86f1af5252b33cebe1ffc60d4b529752b45961ba5b2f9d7cccee23a0c9fc2b95f11eb57de26f889a6c57f3b188aee8e18d8f968727a0e99f7fa5717e13f0cf8aee2d75cbbf0d0996ca18d5ee6545466dbff0002e6bd0fe10aeb7a25fcde35f16783e7f13e8d63e5daedb9ca6cf333861b08e4633ebcd47b38a5cadee5ddbf79743dd7e1bf862e24d1f5496342f3cbb1523ced3b41fbd9fcff002aeba6f0f5e20def0f980265b2dd0e7a7e95cee9ff00152c66d22ee7d03495d4f5784467fb1a390db4a919e542eee08e7ef7739f4aeabc1df131f4bd3755f1078fbc1775a15b59aa25a59fdad6e8cacc4f2fb78c7fb27a633deaf0f4a14a36b9388af3a8d1f2c7ed01e20d53c3ff0012350b58ae5a2b795d24313e48e5573c7a1da3f2addf15dfbeb7e0d6b832fda24da0a1070142f95c01edb89fc6a87ed11f17acbe315bdad8d8f83ac74abf1721e3d5d57cbb99a3048da59704ae7b1f4af35bef853f13a1f0be99a95aea77577a55d49240f1c4e02a30c02082de817f4ac6587837cc75d3c555e4e56f434a4d6123f8e9a05b98d6516b7070d9ce4633ff00d6fc2beabb50d7b6a972d2244ae58a891863a9f5af8dfc77a7ea5fb37f88347d57c49a543addc6a96a9776cc92ac928e5948ea769f94d4fe2af8ed77e30f06db4da64d26991464a5fdb4d62d2c96c0f2b22caa7001248c7b1f5aefa70495d1c15373eba9b50d1e3731cfac69a8e3ef2c976a083f4cd5dd17c6de17f0bde2dedc6b7a3ccb12b49b1aec31e071819afcd0b8f1c69d7178f0ebda3e97ada671e7f962c66907a875c67f1079cd6958e83e00f10716b7f7be1298e70ba9db0bab7ce3fe7b2807f0209ef9e6b7d0e6d4fae7c4dfb445f7c4cf12c2be2348dbc2d24927d9e1b3b964008c61b683863ec6b63c5ba9f8545b5ae917de21b7686e2ea1bd4fb4650a22a91b5b1dff00fad5e7ba1fc35d3acfc11e1b9f46d4ac75678014bcb8b1914c4a0f25887e43608fc315e0ff00193c4175a7f899a28a5fb4db427cb59986e2c3d323b5655292ada491ad3a8e9fc27d9175f07fc2936971dde9da80d46299555e44ba55da7a9006791d39ad4d4fc5d75e1fd20da59de58c369670188bea0f9e00c8c6d3924e718f6afcf1b7f8a93e9ed1c82de22ea08c796dc8edd057b4fc18f8bd69e328edb44d47c1fa6de5db3f9a9a9cd621de26452c01661c8f6af3aa6129524db47651c456ab5142fb9dd7883c683c41716da6ea576f0bdf4824b7b7b8491067a1d9bba6715bde0ef0b8b8d52346842a2b64fcbef8c1fca9da1cb79f112ded5bc570fdb64b7b9f32c352c2e490071c74c74fa015db7c3f8c7f67dcde37df791c7d3071c578eaac650b459f49530b3a351736e6e5f5c5b68f64f3ccc21b58f8ce33c81e95e65aff00c68d3a147fb2249332b63730eb5d6f8b2f25914c1e523a772d5e7b79a4786e19bcdbfb8b3b704e195ae1147eb530ab4e2ed6b9d31a33e5bb958b363f1cb483b52ea7486561f75ba576da6789ac356856482ea19430cfc8e2bc9356f873e01f11dbc9f66bbb39a6ce035b5d86c7b71587a57815fc23743ec57f27939dc1031c7f9e29d4ad49e96b335a14ea27a34d1f44c7791b47e9f8e735134c8c0f4c7ae715c5e8ba95e7d977483728e33f8562789b54d43718ed6568d9870726bce94b99d9b3d6f6692ba47a15d5f4163f33caa23efb9eaacdafe997604497b12b91c6e6c8af9e6f7c33e34d5ae9f7ebdb61cf1116278fceae58f82f58b5e1eebceff6b1839ad7d9526b591e54ea5594eca24df1dfc13ff09168774e816696dc1955b19e3dabbffd8d3e15e91a2f812f2fa5b059352bb4576bb7204a8b9c3283d769ae7b4bb5bd4b1beb5bd91a68cc320ccac58fdde9cd7af7c2fd3ede1f00db18030b811469f29c1db8071f4c935ebe5f5146f04f43c0cda83769b5a9e8363a5e9ba4f886d35978a33a6c22580aee192db00e07e55e771de5bdd49696d72145a5ab4ae8bb953cd058906438f98f6e7d2ba3bab45f27498d95cc21da47e73f313cff002a5925d0769592d94f0c36b2f273fd2bda93b6878104ce52c5fc33a76a5a7adbc911fb53334d246a1d637c36101c71c0fd6ab7c62d2747d37c3fa1f85fc3da7ec8a3824d4ee2e09cb4d2be4f27b8000c03d39adcd1f4ad3ecf4cb9b496142ef299613f7b67180467a1ebf9d69bea5a3d9476b0c91437722c4119a452c57b638f6c54c65a0e5a33e79d3b49d2ededad5753b79ade29d46e9fca66689bbb60755c63f1cd55f8a9e12d0bc75f0d2ffc39f0f6ef52f13ebd2cab711da9b6311c26376326be985934168d44fa6d8ac04e32f6dbf3f9d615ee83e14d1fc61a66b7631c5a6b79534320b442b9c8186dbea738fc2946a5984933f3cdbc03f167e1e48649f42f15694a9f36e844db47e28d8c54127c74f1f69728173afea4368c7937a0c83f15941ff0afd399352b7bab2f3ad64bc7db84659652bc6072067a5571e1fb5d6bccb4b9d1edef576e775d857ddedf356caa6bb19729f99fff000d27e2ff00f9ff00b2ff00c14d97ff001ba2bf473fe14ee89ff424687ff8070fff0013456bed1760e53b5b1f12786b42be5b88bc43a5ab818656ba5c303d41c0ae4bc69ff0aa35b9a6b996f34282e265db27d9f041e49c1207bf4af9c174b82d2d63b855867665cb28e76b12463f95579ad63f33cb68cab0ea0f35cfece2b42afd4f5ed2ed346b09aff4df0af886d3fe2611aa4b0c7712c6ec8a490aac08c0e7a543a92eb7a4dbcda6df25e8b398acad14eef240db7a7cd93918feb5e549a5c4cbcc65fd88cd751e1bf899e2bf07c690d86a321b34f9459dee2583046080ad9c7e153ec932954b68749a778c355d16567d31a0b176006e8ece32180e996233c7f4ad2b8f89de2dd52d25b7bfd4a6ba82439788dba6c6f734be1df8a9e0bbabacf8afc0aa247e5ae6ce46287dfcb3d3bf4af59d07c61f072de363169365ab2dc2ec586db4d9a49a26f4eb8cfd2a3d9cba15ed1763e72d5b49d2b5dd89790a8318c23ec0ad18c938523951924e07726b80f1af87344d134e5fb3dcdd3e490226be9182e7a90a7a66be98f156bde0cb3bd962b3f07eba763640934431e47e2791ef563c37ade8babcc918f02dd451afcfe64da6c2adf9bc8bc7e152b4766cd778dec7c34d6c2e30925ac97a23e2369b2fb41ec322b66c6c6e6d74e916c6c4db1940568a10c85f1c82768c11f5afb7fc49e2ab186483ccf05dc850762b2cb69082be9c39f7ef5368fe3686de2db0688f083c98e4d463e07a10aadfceb64d475b996bd8f8e27b5d57e2168f0683aa456b7f143f322cce8b327b09586e03db3ebeb5cf2fc10b5b5b893c8d6a4d2ee23c9292389941f4c8eb5f636bde06f0cf8daef75d7832ce59198333aeb1223e09eb84880fd6b262f8296da6ea77d60da6d843a348b9b7bbb78f3769fecf9b23608fc3bd4babcbaa64a8b6f53e5ad1fe1a78cae030d3ce9fae2baed616f2186675cf4c7423ebeb581e34f09f893c3969fe9ba3eafa344a73b26859a2cff783271edf857d7cdf08b5fd274f0340bad3ec897ca5ede2caf281d36e236d98e3f53591e23f0bfc578a378078aad2783193e4af9409f4c1eb54b11dcaf67ae87c22fe25d76c032d9ea373b339db126466ba6f84ff001035fb1f891e1d9ef2f6f6780ddac4f0ceec15838dbcae707ad7b0f893e12ea37d34f71aac304b78401f6887e4e7278f94727fc6b92d3be1c2e8de25d3afaf3cdfb3da5dc2f238dc5461b804d456af19537166b429ca35149773ea7f10de5cf85b458747d3eda3b892cd4ee62b92a598fcc3dfdfdababf07a797e1fb388e3795dcc07a939352de5acebf6bba8d42195549c13f3023393f9d49a5dc7cabbba8e3e95f2518db63ee6b54e751ee3f5cf0dc1aadb18e7dc378fbca706bc5f5dfd9f348b7d4a5be9adffb4e17464682e4efc139f9803e95eeb7b7476af19e29d16db88c6e1cd74c538bbc45cae51b48f917e1efc0583c25e2a7b9be517b691ac8b04316524f9bee966ee41af59d2bc0f7b6b618bb9fce2b27eeb692488f03018f739ddcfd2bd7134d81a4dd2461c67bd46b6f1dcdd98e35c22ff0f5a2a7355f8c5420a8eb1d0cad1b458df4cd8e8a3e6551915e7de28d3a68753b88806508adb23518121cf4cf635ecc96be4dbedc630f9ac9d5ac20b9bb75950139cf4fd6b82bd3e568eca756eda4cf90fe205bf8e74ad7add34fbab88edaea10625b5540629b27e47761d3183f8d763259f8b7c377da7dac7aa2f8a37448d7292246648e43cb01220e838f7eb5ee77de0e82e89287ef0f9bdeac69be14b7b550ac42a20c018e05554aea5054f97639e9d170973f37c8f3d9ec5934f9269e2285a362d19ea4ed3f283fceb0743fda27c29f0a649b4ed76f247d607927ec7f66768a242a30a08e3d7f3aefbc5f2086ce5c282a8081c5785ea8da76a93cc2f2cfcf76382d807381819fc2af2f9aa33e696c6398c5d6a5c91dd9ea37dfb657c3dbc91648655b54ddfea6353b41ee403d2b12eff6cbf87f034e8d3bb38e46c8f8c579449f0f7c2370e59bc3f0331e776c55fe429d0fc3bf095be42f872dcb31cee603fc2be8a598507d19f2ff00d9b5bb9dfde7eda7f0fa68e20ab74b37ac30e33f5c77ae7eeff6bef05f9920874fbb739c96fb2e49fc71594be09d0e08736ba359c4c0f0a23527ebd2af59e8f616e8d8b2b78dba9c46bfe1584b32a0b68b348e5955ef22bcff00b61e832329834ad5242a368290a8c7b7229cdfb5b24cc0c3e1cd7262c304f961881f5ad38a3b6b78c0582319e78414c92ebe53b0aa9c63eef35cff00da54ff0090dffb2e7fcc64a7ed3fac5c48e6dbc27ad953c66490aeec7b6698dfb4c78edee00b5f0bdf85ff00a6d3b641fcead4ad72cbb9672bdb814d8e3ba6f98dd483b704d279946da444b2f69d9b27ff00868ef88fff00404bcffc0a6ff1a2abff00a47fcfd49f99a2b2fed25d8d3fb3df7303fe1616b974b8b6f095eb13dd60e3f1cd3a3f12f8e6e26c8f0a4b93fc52b2a9fd4d3a7d4a5f950cd2f3cf0e6a192ec7cdb5d9b1d493cd7a1fda13fe539165f1fe62e2eb1f10ba2e9105b67b4b70829935c78fe5e649348b638fe2ba5635596e5762e402714cb8bc2aabb38e7b53faed57b241f51a51dc9a3b1f185c29371e21d32d8670447f37f2a7dbe93ab5bde453378cd1644e435b45823af19eb54d669189cbb7e751c733b4a43b6e5ff69aa258aab25b9ac70d47b1ef1e13f8d96da3f85ec2cb5c7bad735182328f76f210ce37123773c9e7a9ed8f4ad1ff008694d3ad1596d74490a63bcb8e6be73ba9c798a148209e48614d91e259065a3c639dce2b1e6a8f5669ece0b447d052fed1ba46a124726a9e0c5d62344611c12cf808dfdefd7f4a86cff69ab8b3666d37c2ba1daf61b6d83c8bec5f1926bc15afaca061fbd84103b38a6b78834f571baf21438eed47b4aaf442f634b767ba5cfed41e229589161a5dbb76ff004404fd72466aa5c7ed2de31bada3edb6e8146176c00e07a0f4af159bc4da547f7af97763f8064556ff0084cb4a8fadcb13ec951fbf2fd9d23d8ee3e3b78ce7c0feda31ae38091e05536f8b1e2ab9c9935ab8739fbc991fd7ad7931f1e69abc03239ff65714b1f8f2d554edb79df9ec08a9946b3d4d52a3147a7378db5eba077eab76fce7fd6b2f3f4cf5aaf75e22d5ef2d66b49afaea68e6218a49333216078241383d2bced7e200e9169b337fb5922893c7b7823655d38e4f39690d61ec2b4b5345568ae87d79e1af8c5a5eade1bb5fed498c3a847188e5cf21b68c7f4ad9b6bf122c535bb2b4337ceac0638e9fd2be298fc57ae5c46820b18d460820366beaff00879aa7f68781747ba3b59dadc6f00e76b02411fa54ca9ca9c6ed9d74eb466d248f41fb4868f0d8639a735c18d06dae72db533900f4abb0ea51eec3367fde3c563ed0f5e34ee69dd5ec91dab30191fa8c73547c27abdbdbe92da8dcdcab4eecd23ab380a8b9c639efc7eb52c37f6d3651a48cfaf3c62b81f137c35b6d5a4923b1d4b65a4c7325acaa1e327bf5fc38ad2129ee827183f7647a3a78eb4dd4633e54d1952d92c081c0f4c553d4b5017d673ea36d32f968c000add45796c9f0c7fb1f4f686ce690c6c3615b725557e9e9f85687837c1bac69368f6cda96fb16914f932c8d2bfe64f03dbeb5c55a539cacc210a51d227a84574218e2c8277609fcaa5bb3b9090319155da4558d4281803f8b9f6aad757cc233b9b3f8d652e551b1b729c8f8b95e7b39618c132306db8fa1278fc2be6d6f1ee890310d7c4be72711d7bbf8efc6cbe19757485a6b99619122c1e8c4119fc8feb5f361f08c2172ca8243cb600ea79aeec2538ca37678f8ca928c9246d8f899a247d6599cff00b11714d9be2c68e23c0b7bc98faaa63f0ac4ff00845610bb8ed3cfa54f1f87edd703e5fcabd0f6543b1e6fb4aaf52cb7c54d3f20c7a5dd138eac769a62fc504663e568d2127fbee691b43b7dc09da4e3ae2ac5ae9d1c6d81822b2952a1d225f3552b37c47be653b7448f19fbc5cff2a8bfe13cd5e48c98b4d80738f9958ff2ad6fb0c4ad92b93f4a6cf6f14898c66b3e5a7fca372a96dcc793c71af70861b584919dab167f1e6a093c5de21119fdec283da3c5692e99b980453d7ad4b369cf2064d84803ad5a74f6e522f53b9cdffc259af7fcfdc7ff007c515aff00d8a3fb9fa5145e9ff285ea77393ff84e6fe57f934e8f18fe2739aaefe2dd60b109636f1a9ea5989add1a2c2ae785ff00802802a5fec583a9c835dbcf456d132f6727af31cc3f8935c65f91edd7fed9e6a2fed6f104cb96ba8d39fe14c5756da45be79269069506719623da8f6d1fe50f62fb9c8c93eb33afcdaac88f9ff96648e297cabe914192fa795871b95d85761fd9b043c2c64f7e947d863653b62fd28fac2e889f60fb9c50d2e49b992599ce7bb9347f6292d9ccac3dc9aeca3b031f1b0fad4df646dc005c0fa553c569b0bd8799c62f87d24ff966d8ab56fe1a880ff52dd7b715d7ada381c28fcf152c7665b97214fd73593c53b0d50573978fc3a8318833f53572dfc3f1e798557ea01ae93ec2bddf9f6a923b4403ef73594b112b1a7b189910e831ae311a7fdf22ad8d27cb518503f0ad38d628d70d2107f3ab36eb13891f716541f316e833583ad393b24caf6514b5330692194640e943698163da14727d2ba48f4b7da1522f30b6369326723d6aeb59d85a5d0b6bb68e29c80563ddc9ae88c310d5d4199a7453b3923928f4b96351e5e573c0dbc57acfc11d71ec747d434b947eee19bcc19fe10c00c0fc47eb582b6f6cb246923c318196f94648e39c8a4f83fa93789a0f1d5cdac4134fb09a0862947de95f2c5883e982bf9569f56adec9d4ab1b2f334857a6aaa8d3773d9a39d4f018f5f5a4d49e58749b87b71be5c1c0ae1ec7c48de4052ff30e324f35d069faebf9392fb811cae6bc295d3b23ea612e689c2b78a2eec2e01d456f23889cee850b0fa1ae96c7e2869d07968185b7190f704e4fbe08aeae36b7bab50d0a0493be060d73ebe2cb5b1bf92df55b2b7787a7efa30723f2aeb8c95ac694694652f78da8fe21dab5b0749ed647638e24041154ae7c5e9b8cd6778905c8e7cb66ca9f7155db4ff00cec6e7fb3eca47639d83007e58a6cfa0e81ae958adb4c86dd579dd1b607e958d4492b9d9568538af74bda1f8fa5d52e1a1962d92af1f29f94fbd6d5c5fcb243b738727a8f4ae6f4df0edb68774cca36a75186dd543c75e38b2f08f876ff0052965dbe5467ca563f79fd2b8795d79a844e394d51a6e52e871ff10259757d75922ba5658176101beeb64e71f8115c99d1597e569992be7b93c6daddf6b1737c754bd88dc486428970e00cfe35d0d9f8e7535652dabdf0e3bc81c7fe3d5f5d0c96b72ab54b791f0b5336839bbc6e8f629345558f8b866e7d6913444c02656fcebcf74df88d77f724bb5ba5cf578d54fd3815d2d8f8c85e4d142a7ca91ce15782ac7dcf6ae6c46598ca2b993ba36a18fa15a5cab466f36930f53237e74ab67143ca393f8d47716fa9ab9568e28c9e76f9ebfa555920bf8db0f2428719c1914ff4af27d9d4eacfa28616a4b5512fac89c8200fc2a069915588008cfa556b7b5332caf77abc56657eeaac4652df971552485b1859e7941ffa65b33f9d528b5bb3a2397e22a68917175c8ed5b1f281d735d05bea76ccf6d0aa2c924ea73c0e9eb5c51d1dee18b989caa8c90e6b6bc2f6f22cef285cb2ae1727381ede959d44a2ae99acb2ea987873d534bfb317fbeff9d15637cdef4547b46795cbe472c2183777a97c98179c645449697ce015b495c31db90abfe34496ba84790d6f22e38c36d1fd6bb7d9b328d1a9fca3de385ce5635c7d0530ec8f8118fc0510db6a52a931d94920ce32bb4ff5a7fd9f518f892d3cbffae8403fceabd948d161ab37a219b83744c7d45472348384503f0a5924b85e09863ff79866aac973e59c3de5ba9f53201fa50a9cae6bf51aaf51db6e18fcc71ef4f585fbb6ef7dd54a4bb8780fab43b89c288c1624fa71c56959e8ab796f2ccf7bb238c7403e62dfe1d38aeba387a95bdd8a30ad4561d5eac9244122ec237119f739a912dfa01b496e7deb6ecf41b0d361fed2bd905c4583b23623ae3fba7835ca47ac4d7570f24b706cecb79023188ff415ed61f22a92b3a92b1f375f31a74a7cb4bde36934dbb1b7640f26f3b71c62b526f0dcb6b1ab492401cf48c0663f8e2b8bbaf157d81bfe25d24c195f76f0c466b26fbc79ac6a170246b8f24f40c8486fae6bd48e4b86a6fdebb3ce96655e5f0e87a4358d85ac2d2deeab6f6c17ef46aa41cfe35c9eb5e38b16d26eb4cb0225f31f2d3b1c36df403f0fd6b84bcbc92ea491a799ee599b25a424f3f8d5291b760fa702bb2960f0d8677840e4a98aad515a4cf40f0f78da7b5bb5596456b650046cea0103d2abf88bc7974bad4b716f0c4655e12492256207b13d2bcf9e668d97b8cd5cbf7373147337381b79e7fcf5aeff0068ed6472a3a5d3fc797f35c5d4f7123b5c491b461f382063b7e75ef5fb2ce9cb6fe03d5a11c9b9b9490fd483fe15f2b5ab796b21dc57ae306beadfd9ae6fb3e832c00ffae4461f5c9e6be6b399bf61667d064ea3edb519af593e937f2ae30339ab3a0eb9179ca8e70d9c7e15d6f8d3478ef19a50abbf18e9d7935e49a84171a5dcb3852ae0f1f4af868b53d0fb9e6953d63b1ee7a6c9049b487dbf4ad4baf0fe97ab43b6e224909f502bc2acbc75716ca8b33907b153dabaad2be2123328331ff8137144a9b8ea91d54eac65d4ed24f863a38398a141dfa0aba3448f4987106235039fad73d0f8e205dc5ae63e9eb54352f884b343f67b45fb65dbfdc553c743924d7154529743a5ce30d5cae4daff0089a0d26de592e2748a2452c6466c051dfeb5f287c62f88d278d6331c0cc9a5c6ff00ba5663fbdc1fbc47f9e950fed0de2fd4ee7c60da049798b2b648da68a3cfcd232e483ebc115c2eacaab6b0a15ec0fcdcd7d965797aa696226b5e87c0e6d99caa37429e88cfb1cc923b73cf383574318da319209f7a8b4c8cf9c41e95349f2de42bfed57d3ebdcf94bdcd38d1bcb930790b9cd6969ede6dbc64f23186cf7aa133794b281c558d2e6c42abfed7f85744761753d3be1af8a34bd2f548ad35d83ced325215597ac6dee7b2f4fd6bd83c6169a2d8c28da544511f054ab6438f5ff3e95f303483ed0f11fbac993efed5da7813c712f9716937aec636c8b691d89d87d3e9e83dcd79198e0a32a52ab4d6a7db6439a38558d0af2f77a1dab3337985baf6aa2df77ebc9abd27fc7b9f50704f7359f21e2bf3c3f6aa76dd12da80219f8ed5b9e0e801b5ba7000223f4ae7164296f2738c9ae93c2f3793a6dcb74dc36d4cb747919c4ad489b71f5a29369f5a2a8f84e6382b89ac5f60fecbb724742c589fd2aa482cda46cd9471827a23301fad2863b8134f92618e38af5f53ebfd8c3b15fc9b056cadb06fc73fceac47716eabb52ce155f46406aa48c7702064f4ab31e95793289022a277776c0fcab5a54ead576a68e7a92c3505cd56cbd418dac81835a5b818fe18d47f4a9ec7458590ccf6f0db5b8192eea01359d7379058b08e3db3cfd4b9e547b62b2352d5ae3526f29e791d578c02428f602be87099536f9abbd3b1f1d98710d38274f08afe6cd8baf135b5989174d552eb91e7320383ec3fad4d67e248f49d16357dcd7b72e6662c73bb3819fd2b0ad6cc3288e3fbf2100b771595af5d06d602270b120418f627fc6be9e9d38505ee23e0b1188ad8a9f35695cd0f106b977a87cd34f210bc2aef38158d248d242a092467d6ac5d2f9b679ef9eb5560915b008040e29caedea732d8d4864f2ec589e98acb858063c75e6acdd4db6df68e2a97dd03e9533192361b271dea2d9b94d3969cdc42d8e2a04529a3c727a5598c1b8b765ec39c544df34433cd58b72170a063340cce55e80f4dc0357d01f003c4c63d3444adfbeb562a467929d8fe64fe55e13e58f3645c0c135b3e0df144fe0bd7a3bc405addbe49a327864cf4c7b57958ec3bc4529456e7a580c42c3d5527b1f6adfb25f5909037cd8edf9d717ac6949a8c6ca40f300c74a93c3be28b4d4b4f825b5b8135b4cbbd39c95cff0009f7abf2f96d26e535f98d48ce949a7b9fa651946a42f1d8f28d53439ad6465db91d7a5670b694385dae38fe1e2bd6750d363bb5ce149fa5515d120001310c8e32bc56d4f1568d992f0e9bb9c469fa05c5f3800304cf24d779a6e8f6be1bb46b994a471c2ad33be00380391f8d5fb3861b523685424705f903dcd78b7c79f8ac9f617f0f6952ab4d30db757119c6d5e72a08aba11a98ca8a315a1cf8ba94f0745ca5b9e11e29d59fc55e3cd4350dc4adc5c165e78da3803f21536b51938cf240aa3e1bb4f37526936e11461411fad696b4df362bf48a71f67051ec7e63527ed26e6fa90e930e5b7524801d423e3f8aae68f19f25fe955235ff004f4cf3f377ad8ccbd71cb4d9e79a658cc6368171c193fc29f71d67fa557b052d25a7fd743fc856ab6259b1e6799a9c848e00c62a58e76f31fcb1f739e3b63a551998c776e33824f5abd671958d9bfbdd7dea9fbcb97b8e2dc5f37547ab7877583aee849333859946d914f5dc00fe98a9376e03f2e6b89f87fe20b6d3350d42d6ee03325edb3471367fd4cd952aff0052011f8576d286593071eb91d0e4fa76f4fc2bf3bcc70ab0b5eeb667effc39982c7e11736f1d065c7cb67291c1c56ff87c9fec94f73cfe42b0ee80fb0bf1ebfcaba3d1157fe11fb6da079849fcb02bca35cef4a4ac58cd155763ff007dbf3a283e08f2fd57549eca31f62d364bd931f7b77cbf4c5628f176bd064cfe1e8ca75e031fe55bf278ba3d2ed40b9b4de80e0b44306abffc2416d7f0b1b59f3bb9d9d31f5afd56382c3c5591f1b5335c6d67795468c4b7f88eb1dc62e34f5b46feeb293f8f35b136bc7568862ed9811c2f41f90acad5a382658e296357ddc96c035cd5d69afa54cd2d9ca42e798fb56b18aa3a535a1c553115310ff7926ceb5a11d70323b814452796ad91927bd60e9fe2269142cd80d9ec315b11ea16dc313b8fa574a9c648e666b42e34fb17b97fbddab8ebc90cf379dd0b1eb5abab6a86f2248d3213a6dcf15964ee5208fbbc0153396c80b36f70648648f39ef55e2fbc00e292d7898e3d29fd2438e2900fb8fbc076c5474e90e5a9b4980dc9dd52b7fab351d3c37cb83480642a0c67233cd3978e9c53d311a918ef9a4dbb9b8e050041236d9c376c54d22ef8c03cf3919ed497117dcfad491afca41e79a902ff00857c67a9f8327cdab992db3b9addb2573dce3a76af66f0efc62d1b558d1679858cedf79242793ea3dbfc2bc3d62122918a865b12bc0181d78af231596d0c5ddcf467ad85ccebe1748bba3ea28bc59a7489bbfb4ad42fb49cd67eb7f137c3da6c3f3dd2c8c067643d4fe35f32496b2373bb9e9cd57fb1b6ee5b1f435e22e1fa2a5ccdb3d7967f56d651b1e85e38f8dba86b36f2d9e940d9439c6f04873f8fa57925c6fb866791fcd918e598f73ef5b13c22d6366c659b81ee6b2ef10c16ea3acb21e47a57bb430f4b0f1b411e06231557152e69b2f78761d8b2ca4f4e3f4a8752612371cf35a76f08b5d3d571f31196acf5b7fb4c981d8d761c4f7342c63f2acfa609aa50c7baf41c77ad7f2bcbb70bdf154ed6dfcbba0e79142dc64578bb566f5c541a7a9f2eddbd1ffa0a9eff00fe5bd5482429671e0e0eeff0ad4965dbb6dda8363d2b4a263f661cd641cc932b679c726b51f290a8ce38a008959e370e9c3230914f7c8af53d26f9752d3e0b9520b38f9f1fdeef5e57e95d6780ef84734b66e76a3fcc83b6eaf0737c37b6a3cffca7dcf0a63de1718a949fbb33b8bcf974f27dc8fd2ba6d2e116fa0dac84e37260572fa831fb0e08c679c5754ede4e8562581d8b16e18f5f4c57c02bbb44fd1f3d9da9a447e58fef1fce8a5fec9d47fe79cbff007ee8aeff00aaccfcf7eb08f149d0cc18860335837762f6f219206f2e503765780ded5f56fc56f803a7eb8b2ea1a028d27521990c2b858a63e981c66be64d42ceeaceea6b0bfb76b5bdb7628f1b0efea3dabef70f8e86217ba7cb623095283d7628d9ea82e944730d9383c8feb53ba8e73c565de5ab162ca765caf21bd47a516bab09f0928db28e0d7a11a879af463af2c525cb270e3d2a9473c90c811f2a7d2b5fcbf9811dc545756a19839504e3ae2b4bdf5205490ba820d3bf84d518e42b385c9c63a55c66caf154806249b64f4ab1bb749f8553fe3a9d49c5480331f33a9a929aa07a53aa80295685a72fdea603946e1c8cd2f46e38a7a818e951cbc118a0074aa5b152ac05b1525bc226009357bc911a818cd0052685a38f2a28df232602a9f722ad873b4ae33cd37cb607b28a9e5ea052fb3caca721739f4aa7730bdb2ee20135ad717090fc80866233553fd6664b827cb4e42fa9a1e8063b6e03ce9bb7dd53d3eb54eced1f50bedcff00754eee6b46f3ccbbcc9b708780a3a0abfa6e9e62b7048c3373f8563cb728a1a948db02a8c7a62a6d36ccaed62306a76b16b9b801b845156e262b26d0bc28c50a3a923268eaa6ddb70a3b568499c1c8c552ff0096c0f7aab580ccbe618b91df159aa0adbdb0cf5635a57dd67ff75ab3646f96141c60023f2a00b4b969a25071cd69c927ef36939038ac7b16325e139c855c568c799589f7a0a26671b801e956f4fbc6b0b98a55fbd1b0627dbfc8aaeb0f7c734bcee6523865c6ea4e3ce9c5f535a551d29a9c7747b0dc3a6a1670cf1fdd750702bd13c390e9adab78763d56ea1b3d3d5964b87b8ced2a0921401dc915e31e0dd425bed3fec2a4b4a8e31cf6e2bd7ef3c51a67826c2eae752b55bbb86b78a0b2599f6471cfbf21cb0e460673f5afce658674f19ec1aea7ea799e3962b014eac5ead6be47b8ff00c2edf0b7fd022cbff010ff00f1345705ff000bafc3ff00f437693f93515f4dc92fe53f3be55fce7a16a367e7444638c74c57807c70f87abab59b6a76b105d52cd77860bfeb9327e527be393f8d7d1e712718ed5cd789b458ef6dc861f772401fad7c9d1ab2a334d1f65560a707167c097aa258c30e481dfa835cddf4787de18893d475af42f1f68327867c4da959491f963cd3222e30369e9fd6b88b8844cc5ba76afbca757da4148f84ab4f964e24363ad34242ca49038cb1cd6dc3770dc2f2dd6b99b9b5c74e6abc57125bb6cdcd8eb9cd74c6a5b439a5b1d55c59c7bc4898031daa2f30741cd6447792b0c2ccc57d0b1ab11cc7b9cd6d19ea496e6900e4714f8dcb639aa7349c2fd69c971b5b15449a4bd29d5512e3777a9bcc07be2ac0968dfb6a3f3142f26a192e07639a3980bd136ffe223f1a999463d6b13eda50f0d814c9f586dbf2b73ec68e603723b8f21b24f1561b58b76c6f620fb1ae6a3b8b8ba20fcc074c66ae43a3c973867c8ed8a39981aedaddac63e5c9355e6d665bc1b218f8e9ba9f6de1f8c30dc467d2b5a2d2e3b301b017d80a2e067d9698dfeb27620f51934970ad773055f955463038cd69cc0c8a0127e63b4756fd315243a68242a2966ced2e8aec73d94003ef7b7d2a5dc0cafb20f92200039c9e2b5a3b5daa063a71d2bd8fc01fb20fc52f1f3477167e1792ced58645cea522c0b8ebbb079c608af65f0fff00c13fef61b392f7c4de33b0b3b789c4661d26ddae6491ff00e798763b4373c8c67047ad43a918ab303e33ba8768e060d40102af4e6bea6fda73f67cf097c11f863a0c9a73ea379e26d4b52f2e4b8bf950aa448bb8a845e01e79efd3dabe5b918794a07a7def5ef4e32e65a01049f74d513feb0fd2afc919f28d50c1556f5a15c0cab8fbd293c8c77ac14b9dd2f5cedcd6dddbed57fc6b97b2266b80a3a9ebf9d43dc0e834c8fcbb33331e5d8907daafdbb79638e41e6ab327971a47fc2074ed5663202018e69145a597279e2a5322ed008155238ca9de589ed8cd598d4e32cbcf6ade3b12741e13d41b4ed6a075257ccf97838fa57b46a5e0d83e27ea9a7f852e268ed2eafa58d52f6760026d058824fa835f3fc32c91b6e4c82986561d73dbf957ae68ba95a78badd6faf5a65754c7fa39db2452818c861c838f4f5af9dc7e15cf110ad0d0fa1c262f970d2a323d7ffe1937e1d7fd0cd6bff7f8515e01f65d27fbb7bff812ff00e345757b37fce79bcf2ec7db56a0b77ab5358a5c290c01e3b8a659045854e726aea66439c63b57e7eaf73efa5b1f317ed39f0c66bdb38bc416301967b5045d2a0e5e3edf520935f2e4d6f80c14109d4377e95fa797da5dbdfc3e4cf189236055d08c82a47391debe4cf8dbfb3bdcf87a4bad5f4085ae74b63bded634e613939200fe1c638fad7d0e0b19ece3c923c1c66179df344f99570ce6393e5ee0d569ad7af19f4ad8d43497cef19cff00b4307f2ed541a291701f838afa385453d8f9c953e5dd195fea78fc6a686eb6707d6a6b8b6dc338154bcbd87045741cccbcd74197350fdabe6eb5564240e0d41b8e7ad5a908d84bf118c50da973d7f5ac7f30f4ebef4aaafdc53e724d46d48f6e9f5a8daf99bb91f8d5486277180a4f3daaf5ae932cdd54819ef4f596c046aed3b71c8ad0b3d3cbb0257bfa55db2d1161ea79ce6b5a1b658d805e6b554dd8916cf4f5854bb614018dc46428ee71dcf4c57d47f0ebf655d3a6f8476de38f1c5fdde85697b2892da3fb823b25c6e9df0a58924b0c67f8457897c33f08bf8dbc69a468a14badcdc2799819db1a9dced8f4007eb5f547ed79f13a4bcd0740f075ddfad95b5f491fda16085b6c1a6ab6d5daabc024a367d78a993e5d0666f896cff65eb89f43b6d035482df4e848fb76a57d25e1b89d46010abc019da4e7dcd741e39f02fc1bd275d8e1d07c21a9eaf717763e6e95a7e9d1cf7b3cb0b9ff008fa9159b685eaab9e4143eb557c6379f0cfe347856cbc17f0bbc36af1c063b8d6fc57269a207b5b38541976bed0cf23fdd0335cc7c15d2f41f1e78b358bad53c4be34f05dc5ce62b11a1da34309d3e3daa88edc1524863b471ce7a935cce4ee59ea7f0efc79f0f743bed4ed347f85faae9f73e13d2a6b9b9b6bed1616b8ba958854f30b649391c75c76aa963f1b356f14ea963e16f0a7c21bd1e2bb7dda89b7d41e2b7c96db891c6d04a8c63d3835ddfc00f035bfc3af157c45b5d43c40de21835a31b447c877bb7da490cf375ced0a0ae7f8456d7c39f0eddd8fc58f1d78eda49b579751b78ad2da192dde392da2500ba2f3c839e4f7cfb55474576c93cafc51fb4378cfe19fc4cf0c687e32d661d0561b69754f145be930a399262f208e056233ca08867e95d4fc17d2eefe386b165f137c457f15edbb4ec345f0dadc7996ba72a1c992e87433639e46402b4df127c1ed02e3c7bae7c41f1bcb61e5eaf048905af882e16082c5422a81b07cc586ddc08f515caf85be327c0efd9f6ce7b3f0df88aeb5337c375c5a68b14d742572064e643b46718fc2b094b9b48a28f3ffdbebc589aa78dbc3ba1452799fd9f6935e4a73d2599caafe4a831ec6be519f0663fcbd2bbff008e1f1153e277c4cd7bc51124d05bde48a2186e0fef123540aa187623078af3b818c9bd9ba935d74d3492648b313b719acf93fd5b7d6ae484f3cf7aa570db4115ab28c6bdff005727fba6b9df0ea86bc1919e3bfd6ba0d4a4db6d3328cb6de9587e1f29e613d0d63f680e8443e6cdcb1c74c55df20478e57a77aab1b2c7199b39e715035d4d7527cbc2f4ad4934d7cb5387619ab7184940c367b5634766edcb3927eb57ed63787e55f986734f5034961318c01919cd753f0ef578748f1084bc7f2ad6e2370481fc60704d72d134b919c8ab123ec5c1fbc7036e39c1f43449271d4d63d0e8ff00b421ff009fba2b8cf3a2fee49ff7dd15c765d8d8fd0fd22e84fb0f6c62ba18c835e65e13f12473dbc78914f1dabbdd36f96645f9bbd7e70938bb1fa0ca373663539c8e0f4a74d6a6489d70195c6d287f887714eb6c30001cd69476bb9064679c8add44e493b3b1f35fc63fd9aecb547bad6fc396a23bac79b3e9e000ae39c951ebfe15f33ea9a35bf98d149a43c5247f21565dac98ec7debf4aa5b5f993030c0e41f4af1ef8b9f0561f14c53eaba6c2916ad6e37c8aaa009d79ea3bb75e7e95d54f132a5a1ad18d39be59a3e17b8f0aa48488e192227b139ac4d73c2175a658bdd842eb1fdef615ed174d6fa7cf24371188a789b6c91ba60ab7a567ea5ae69b369f3da3471b24ca55be518f6aefa78cab2692d8dabe558495394ba9f3f2ba9936ff0fa9abb1db4120c06504fad43a8589b5b89234c958c95dc7bf359eacea7debe9233bea7e7b563c8dc7b1d0dbe8b130c96079abd168f0af5c11ee2b968f549eddb00b11d7ad5b8fc4928e0f1f5aec8b89cacea52d2088615547d00ab11aaaae77002b9a875c69179201cd5b8ef3ce1c9cd6aa693d00da92ea18c7f79bdaa05bf791b11a617d6a9c6391c55956651f2d372e603d4fe06fc5bb6f83be22bbd6a7d0ffb6af6680dbc2ed3843103f7b6e7a641e48ebd2bdc27fdb7f49bb8d04df0dadeeae1504625b89e3930a3a2e48c803d2be4486472bf4353432b46a7031ce78e2b174f5d4a3eb8b0fdb9b53b250961e0cd2ad2dd482b0fda1b008e8709802afbfedffe2f994f97e1ed251739db24b3b8cfaf5fa7e55f225bcb249ce5bae3ad5d8a6f2d4b4879a6a94493ea49bf6f6f1fc9910e9fe1fb40cc58b2c1231ddddb0dd4fbd705e2afdb2be2b6a8d2451f8a058232edd9636890803d8f5af0bbcd780568d4e7f1ac6f39ee252c49f4eb4a4a315648a3a8f1178c359f1a6a4d7bad6b3a86b378df7a6bf9ccad9f4049e955e11e4ab1232cc724fad66c04478cd586b8f3580078c62882d3601cccd7526031dabc633c54ecc15400318150a7ee54e0609e6a09a63cf354807cb255399c329e32695a5e0d40f20da7d6b372d4a2ef83f4a8f56f19691653c6b24134f891586415c1ce47a563f89bc172f803c5b7ba5cccb2c6bfbc85c0fbd19e87f9fe55d97c1db537df112c8ff0c31c8e7f2ad4fda2348787c4da1ce576c97767c607550cf8af125889ac7aa4b668fb18e5d4aa644f14fe2523cb24ba33011471fcbd4ed1576ded8aa818c53ede182de3572c01c722a75b8ddc81915ef46cf567c6ee0b6edb81c9c55c872b8e6aab4accb9c914f8647dea1773b1fe155c9a774aede834a4f44ae6ac2edf5abda7b597f6d698758927b7d1649c4777716cbbe5893049645ee47f5abbe1ef01f88bc4054d969f22464e0c932e07e55e91a6fc0e9ede133ea65a5db862a9c0c8ed8ff3d6bcac466986a29c673bb3d2c365b89acd5a36450fb57c0aff009f2f167fdf2945741ff089f86bfe85cb1ffc068ffc28af1ffb568763d8fec6abfce607837c7773a6b2c177ba0ecac7201f7cfad7bc7847c631cf0c6ace14ff00bd9cfbd7cf0be3386fade482e348d3e64789933d190800075e383597e1bf1b5ef85eee2b699da6b643f2bb93903d09ef5c35b0f1bbb6e7b29c945496ccfbcbc3fa8c772a9f3039aebe18fe4e39af9dfe16f8ee2d5a68c4330627f818fb0af7bd33528d95229ee161f301c30192481d07a570c534ecce6ab6b7322ecca91c664958451aff00cb46c01f9d738dae0beba48b4ab693509449b4492158a056f77233e95d0b43a4dfdbc72cf6d26a92b31cadd1d9696e474ce3966ff114e92dd6e23c4fe5b47da18a30b08ff757a63de9d44ada1cb0939688f953f68cf8472ff68dd6bbe5db9bb381711e9921923ee7731fef73cfb015f3d3785bcc5c9c32b7208e38f7afd1bd4b4e4b8b596195035b48363c6c32194f6c57c81f153e18ff00c21be20936b48da5dd317b765270bc9f97f4fd6a69621c559b3dcc2f2bd27ab3e6af1ae90347d4adc2a031c89ce79f9b27ff00ad5c8dcd9919c715ec3f10b41826d09ee23f30496edbcb7b74af318c2cca036338afb0c1d55569d9743e4736a2a9621b5b339b93742db5b9ef9a74504731ec6b52eac4364e01fc2b2a685ede4f9381d78af44f9d11acdd092b9c53a1ba9ad8f56233eb4b0ea1e4b6d9412a6aff00d8e3bc84b412a8e7eeb75a0075af880960acb9f7adab5d41243807e623bf4ae5dad25b77c34791eb8ab42f204b3da8b20bbdfc1fe1db81fd735aa93480ec1a44b58e39048b231eabdaa45bc88e598a8f615c42df3e704fe5eb52fdb243dcfe755cc0768dad430aed4c67ad577d427be472a42aa8c91deb97b7b8667031935b70dab9b31346c7ce67d8573c6dc039fd4d1cede80451b1998b7239abd6b096e7dea4b3d2f6b7ef0eeff77a56adbdba21230a07b8a6a2f702ab5abb600a743a7cfd7381d6ac4da85bd8e4970d591a8789cf96563e33dc55392b01766bc58c1524311dea849a82f358a6ea59327279f7a5562dd6b99cddf4345b17e4be2cdf2f4a67da0b29cf150a819e949740ac636f07daa652d0ab732b1eb1fb3cd83dd788756b9500f936a14123905891c575df1f7c2f71a9f87ecf5846692e7480559739c424738f4c1c9fc6b5ff00645f0fe9571e1ff106a7aa98e233cc22873318d8845563c0edf357ba5de89e166bb786ea286fec272a9f6759cbf9aa436e0dec723f2af8bc4b9c71deda32dba1faf65d2a13c95e0eac5eaaf7e973f3e2da15be6d9165fe50cabb599ff2af42f05fc06f19f8c951edac174fb4638f3ee9cafe217d39afb0345f869a1d9edfeccf0c58e89680868cc508f3c8000c3391b8f4f5aee6cf4910aa855c28e00c74f6aebc4674ed6a6ac7c4d3ca209fbeee7cd1a1fec67b9506abe26690e3263b3801fc3757a4786ff666d0bc33e5bc65ae083bb7dc2296ff003c57b3436fb71c7b54ad12a2e3681dfa57cf57cc6bd65efcb43d8a385a347e089cc41e15b6b08005eabd38ed599ace9624b76038e315d7dd36d535cfea527eedbe95e249f34ae7ab06cf2fff008453dbf4a2baaf328adaecd2c7c91ac5a9b398310a0373b51768eb8e9f402a9adbaea522c121c6e75c37f4adbba92df50d3d6e3e6b869d7f74acc49503ff00af9ac5d34e6ead4e467cc5fba738e4d7df6260e2dc8f032ba8ab5074df43aef853ab5cf867c7ba7464334464747427e52b8e091fe7a57d81f0fac6ef5277d42fa790db9622084310587ae7d39c63dabe4cf0d59adcf89ecd80226f371b97ae33d2bed4f0f7ee749b7876ed545002f615e24fde69953a7ecf43a3b7611f45d8ddc0ed53492176dc4e49ea6b396e36e066a759f70eb587318728fb852e012738e95c37c42f08db78ab437b299141393149b4663703a83db3d3f0aedf7eeefc554be8c3c2c02e4f04815cf33a694b9248f82fc73a6cd63a2eaf67751ecb88919245238c8e87f2c57cfd229b375247ca40cd7db5fb497856df49b4bdd6245668aee3fb3855ff009e8c4f27f0c57c71ab5afccc36f00631db8e3fa57d564f17ec64cf1b3a9aab388d6b78aea10e98071d00acabad35b9e2a6d36e85acde5bf209c806b5e450fd40391915f5318f3247cb1c7cda636d276e47d2aaac0d0b6e19423fbbc5750cbe5487772be87a54175a7acca58003e829725893261d4ae22ede7af70fcff3a9a3d52d24f92584c793ced1814d5b56824e3a7ad5d6d3e39d430c6ec51cac02ded74d9b949768ee1bae6b461d16d1b0c27522b127d1cafcc13e6ed815142d3da70eac173de8ba5a34075b0e9b6308cee463eb815335e5b5a7091b49ee9d3e95cdfda08036f4233566cb5492db72e329d71473228d093c43247c5bdaec5f75e735524d5efae1b98ca8f6e2b5ac750b5bedab24450e31b88aba6c636e8c31db14aedf5039568a699b2e5be84d48b63bb1919ae8ff00b257eb4aba58dd53cad8181f64218a85cf1e9520d29d903e31c5746ba6c712977caa8ead8057153e9be1dd67c5574b63a0699717f337dd6850e31eb93c544e51a51bc99b42129e9157390684c2707ad11d9dcdecc91da42f733b101628d4b31fc2be93f057ec67acea8d149e27d463b08c8dcd6b07327e2ddbe9ed5f447813e06f867c0217fb3b4d513a8cfdaa601a427a7deeb8e3a578788cd6953568eacf570f97d4934de8790fc17f847a9d9f8334c86f6dded1995a5904830f963fe000fc2bde341f05db6936ab1c699cfde38ebed5d3c3a7f96395196e7d7357123f2d718af8ca95bdacdd47d4fb3788a8e946927eea284162b1602af7cd5bfb380bd067e9536e0abd39a864b8daa6b9272338eac89b118c62abcd71b50e6a3b8bc014e4f358b79a905539723f1ae3948eb8c6e4b797980726b9dd4b5058e3727a62a1d435c4543fbc0a3dcd79ef893c7b6cb21b685bed139fbb1a1231ee71da9d2a72a8cd6528d38dd9bffdaabeb4570ffdb1a8ff0076dbf5a2bbbeaf23cffae44f36b58edac7c41abe9b6520f26dff00d22dce304ab0c3267be18919f402b964960fb7288377cb200dbbaee1d6b6d748b9bcd1fed92dd25aeafa79fb2db08be737122e32ae4741b4a9e7bd5592d20b8b537604315ea32b49087e739e4f1c1e73c9e6bf45c553f69067ca65988f6356ddcecbc12dff0015b6960700dca023d6bec9d1d8b4272738240cfd6be1df0edf496be2eb49c1651f6d84800e319e302bee4d394c3016231debe4aac6513e96b4f9996f2770fa558889f5ef55e31f28279cd4d0fdeae6312d73da9caa594fe54e5036f4a77f09a9901e6ff1b3c1e3c5de03d4ac553f7e63df0b01c8907231ef5f9e7a8593891a2b94f2ae949578c8e841c7f4cfe35fa8faa4665d366c754f9c7e15f087ed43e033e13f1dbea56d1e2cf545fb547b06009064320c7b0071fed57bd93d6519ba4fa9e4e614f9e1cfd8f9f754b30acd22fcaca71c7153e9ba80b850ae7e61f2f35735109346b228e1baf1deb02e617b39b7afca09cf15f63aab33e619ada840648fe43f375aa96b7824fdd49c30e2af595c8b98c1c73d2a96a5a7993f7911db20feef06b5bdf521915e5abc677a6587f77b5568a768ce7f3ab367aa103cbb81820e326a79b4a4986fb77ce79c0a8f400b7d4376326ae34705f2ed90283f4ac96b59e2eb11047a0a23925fee9069737728d1fec058dc1497727b9a9fecb042bcedcfd0566c735cb7ca0903eb56ecf4bbed4261140924d3bf0b1c51b48c7f0e951cf1576528be88749741701391572d6f1f8e09fa57a87833f65bf1b78816391f4c5d36de41bbccbf2037d42fa57b1f86ff00631b3c29d53c412391f7a3b289157fefa2339ffeb579d3c652a6fde91db4f0755abd8f98ade5334796ca6d39dc6bb6f06fc31f1378ea644d174c678db86ba990ac4bf9f7ff001afae7c2bfb33f823c332a4e9a47f685c8e449a84a251ff7cf4af52b7d1e3b6852389556241858d142aa8f40076af2ebe71cbeed23d1a3972bdea33e75f04fec91a3d898aebc49732eb330eb6b0b98e00de8c7bfd3a74af75d17c25a7e856a96f61676f65027fcb2b78d5147e439edcd6e2db8c8181c7b55a8e11b7a57ced6c4d6aeef367b14e953a5a451463b758d70a38a5f2c2f181f955a99447daa9cf748bc938af3e7b9d917d8198270062a392e157ef1e6b36f3588e3e7776f5ac1bef1344bc9931c7735c72958ea851bea74935faaf19cd50bad446d27762b8ebaf18091962b7dd34c4fdd8d77363e950eb567e3086cbed43c39a8fd91c7fc7cb47fbb51ea483c7d29468d5acaf18b68d1ca8d3769c9266aea9e204b7e5a4502bcdfc59f132cf4f5751234d29e8911258fb015149e1fd6bc4d36cf398c59da6e17747127b72724f3f4e95bfa67c24d3ec4a990c971743e7f39942e7dc7b5690a296b231a98a4b481e6edff00093f8ad03796da5dab0ca82bba7917d8741f5eb5b7a578463b58d4088c72ff00179b9f30fd4d7aa59e9cb6aa7c9504afca63939cfbff009f4a8e48e4826c4b0ac3919daa322bae2925a1e54aaca4eece1bfb013fe7827fdf468aedbf71edff007c51577647333fffd9);
INSERT INTO `job_application` (`id`, `user_id`, `joblisting_id`, `resume`) VALUES
(4, '5', 37, 0x637363);

-- --------------------------------------------------------

--
-- Table structure for table `job_listing`
--

CREATE TABLE `job_listing` (
  `id` int(11) NOT NULL,
  `date_created` datetime NOT NULL DEFAULT current_timestamp(),
  `position_name` varchar(255) NOT NULL,
  `description` text NOT NULL,
  `qualification` text NOT NULL,
  `minimum_salary` int(11) DEFAULT NULL,
  `maximum_salary` int(11) DEFAULT NULL,
  `positiontype_id` int(11) NOT NULL,
  `company_id` int(11) NOT NULL
) ENGINE=InnoDB DEFAULT CHARSET=utf8mb4 COLLATE=utf8mb4_general_ci;

--
-- Dumping data for table `job_listing`
--

INSERT INTO `job_listing` (`id`, `date_created`, `position_name`, `description`, `qualification`, `minimum_salary`, `maximum_salary`, `positiontype_id`, `company_id`) VALUES
(37, '2024-08-14 23:51:06', 'eqweqwfull stack developer', 'Cen23t eno', 'csc', 1, 3, 1, 8),
(38, '2024-08-14 23:51:06', 'Janitor', 'Cen23t eno', 'csc', 300, 500, 1, 4),
(39, '2024-08-14 23:51:06', 'full stack developer', 'Cen23t eno', 'csc', 300, 500, 1, 8),
(40, '2024-08-14 23:51:06', 'full stack developer', 'Cen23t eno', 'csc', 300, 500, 1, 8),
(41, '2024-08-14 23:51:06', 'full stack developer', 'Cen23t eno', 'csc', 300, 500, 1, 8),
(42, '2024-08-14 23:51:06', 'eqweqwfull stack developer', 'Cen23t eno', 'csc', 300, 500, 1, 8),
(43, '2024-08-14 23:51:06', 'eqweqwfull stack developer', 'Cen23t eno', 'csc', 300, 500, 1, 8),
(46, '2024-08-14 23:51:06', 'eqweqwfull stack developer', 'Cen23t eno', 'csc', 300, 500, 1, 8),
(51, '2024-08-14 23:51:06', 'eqweqwfull stack developer', 'Cen23t eno', 'csc', 300, 500, 1, 8),
(57, '2024-08-14 23:51:09', 'eqweqwfull stack developer', 'Cen23t eno', 'csc', 0, 8, 1, 8),
(58, '2024-08-14 23:51:06', 'Disabiility For 1', 'Cen23t eno', 'csc', 0, 8, 1, 8);

-- --------------------------------------------------------

--
-- Table structure for table `position_type`
--

CREATE TABLE `position_type` (
  `id` int(11) NOT NULL,
  `type` varchar(255) NOT NULL
) ENGINE=InnoDB DEFAULT CHARSET=utf8mb4 COLLATE=utf8mb4_general_ci;

--
-- Dumping data for table `position_type`
--

INSERT INTO `position_type` (`id`, `type`) VALUES
(1, 'full-time'),
(2, 'part-time');

-- --------------------------------------------------------

--
-- Table structure for table `user`
--

CREATE TABLE `user` (
  `id` varchar(20) NOT NULL,
  `role` varchar(20) NOT NULL DEFAULT 'user',
  `status` varchar(255) NOT NULL DEFAULT 'PENDING',
  `first_name` varchar(255) NOT NULL,
  `middle_initial` varchar(255) NOT NULL,
  `last_name` varchar(255) NOT NULL,
  `address` varchar(255) NOT NULL,
  `city` varchar(255) NOT NULL,
  `gender` varchar(255) NOT NULL,
  `birth_date` date NOT NULL,
  `email` varchar(255) NOT NULL,
  `password` varchar(255) NOT NULL,
  `contact_number` varchar(255) NOT NULL,
  `disability_id` int(11) NOT NULL,
  `formal_picture` mediumblob NOT NULL,
  `picture_with_id` mediumblob NOT NULL,
  `picture_of_pwd_id` mediumblob NOT NULL
) ENGINE=InnoDB DEFAULT CHARSET=utf8mb4 COLLATE=utf8mb4_general_ci;

--
-- Dumping data for table `user`
--

INSERT INTO `user` (`id`, `role`, `status`, `first_name`, `middle_initial`, `last_name`, `address`, `city`, `gender`, `birth_date`, `email`, `password`, `contact_number`, `disability_id`, `formal_picture`, `picture_with_id`, `picture_of_pwd_id`) VALUES
('1', 'user', 'PENDING', 'liv andre', 'j', 'centeno', '4152 ponte', 'makati city', 'male', '0000-00-00', 'livcenteno@yahoo.com', '$2b$10$4aGCVS80Lab5apbWvx/GauMkwnUV6DDH6qQKe7jqL3A13XZXDZIY.', '09686022965', 1, 0x65717764617364, 0x65717764617364, 0x65717764617364),
('12-4243-432-1234567', 'user', 'PENDING', 'liv andre', 'j', 'centeno', '4152 ponte', 'makati city', 'male', '2003-11-24', 'liv213213@yahoo.com', '$2b$10$aXeHakL/8HKl3IIljLOjvenH9TXYmPrv.WHhQF0ag3S1haBaYHF.a', '09686022965', 1, 0x65717764617364, 0x65717764617364, 0x65717764617364),
('12-4243-435-1234567', 'user', 'PENDING', 'liv andre', 'j', 'centeno', '4152 ponte', 'makati city', 'male', '2003-11-24', 'livcenteno@gmail.com', '$2b$10$RI7Ecr/KeaaD3L.xyKFSmOHXOzT9LqqnmGMhORHWxnaR.bCh8B8uy', '09686022965', 1, 0x65717764617364, 0x65717764617364, 0x65717764617364),
('12-4343-432-1234567', 'user', 'VERIFIED', 'liv andre', 'j', 'centeno', '4152 ponte', 'makati city', 'male', '0000-00-00', 'liv213@yahoo.com', '$2b$10$awgKn8DSVjTRP05v4DT0PeYG3kAYvPIsxmHUj/uT6Noj5/kDq1wyG', '09686022965', 1, 0x65717764617364, 0x65717764617364, 0x65717764617364),
('5', 'user', 'VERIFIED', 'liv andre', 'j', 'dela cruz', '4152 ponte', 'makati city', '', '0000-00-00', 'livcdsadsenteno22k@gmail.com', '$2b$10$Gziu377S9T4ELknDD/JcEuffiue58tBDB0eIfog0X6OanVWpGbxwO', '09686022965', 3, 0x65717764617364, 0x65717764617364, 0x65717764617364),
('9394-922339-42213', 'user', 'PENDING', 'liv andre', 'j', 'dela cruz', '8406 trabaho street', 'mandaluyong city', 'malelele', '0000-00-00', 'livcenteno222k@gmail.com', '$2b$10$KpxMD7vnvMm8L95FWOkeQeOqu.rPOWiGQcPreT1Y6HCshVK2Kkr8O', '09686022934', 1, 0x657177657177, 0x65717764617364, 0x65717764617364),
('9394-9239-4213', 'user', 'VERIFIED', 'liv andre', 'j', 'dela cruz', '4152 ponte', 'makati city', 'malelele', '0000-00-00', 'livcenteeweno2k@gmail.com', '$2b$10$rHyWs7v4SuaUh4Rng6BTX.eF2nkQescobP2txXR67u0dsufJ2T1Hy', '09686022965', 1, 0x65717764617364, 0x65717764617364, 0x65717764617364),
('9394-9239-42213', 'user', 'PENDING', 'liv andre', 'j', 'dela cruz', '4152 ponte', 'makati city', 'malelele', '0000-00-00', 'livcenteno2k@gmail.com', '$2b$10$v3tMnct9WmW6zP2UHzQMVO8KljRs/By.kd6qS2FmrLmvDlmb57xVa', '09686022965', 1, 0x65717764617364, 0x65717764617364, 0x65717764617364);

--
-- Indexes for dumped tables
--

--
-- Indexes for table `admin`
--
ALTER TABLE `admin`
  ADD PRIMARY KEY (`id`);

--
-- Indexes for table `company`
--
ALTER TABLE `company`
  ADD PRIMARY KEY (`id`);

--
-- Indexes for table `disability`
--
ALTER TABLE `disability`
  ADD PRIMARY KEY (`id`);

--
-- Indexes for table `disability_job_listing`
--
ALTER TABLE `disability_job_listing`
  ADD PRIMARY KEY (`id`),
  ADD KEY `disability_id` (`disability_id`),
  ADD KEY `disability_job_listing_ibfk_2` (`joblisting_id`);

--
-- Indexes for table `job_application`
--
ALTER TABLE `job_application`
  ADD PRIMARY KEY (`id`),
  ADD KEY `joblisting_id` (`joblisting_id`),
  ADD KEY `user_id` (`user_id`);

--
-- Indexes for table `job_listing`
--
ALTER TABLE `job_listing`
  ADD PRIMARY KEY (`id`),
  ADD KEY `company_id` (`company_id`),
  ADD KEY `positiontype_id` (`positiontype_id`);

--
-- Indexes for table `position_type`
--
ALTER TABLE `position_type`
  ADD PRIMARY KEY (`id`);

--
-- Indexes for table `user`
--
ALTER TABLE `user`
  ADD PRIMARY KEY (`id`),
  ADD KEY `disability_id` (`disability_id`);

--
-- AUTO_INCREMENT for dumped tables
--

--
-- AUTO_INCREMENT for table `admin`
--
ALTER TABLE `admin`
  MODIFY `id` int(11) NOT NULL AUTO_INCREMENT, AUTO_INCREMENT=22;

--
-- AUTO_INCREMENT for table `company`
--
ALTER TABLE `company`
  MODIFY `id` int(11) NOT NULL AUTO_INCREMENT, AUTO_INCREMENT=13;

--
-- AUTO_INCREMENT for table `disability`
--
ALTER TABLE `disability`
  MODIFY `id` int(11) NOT NULL AUTO_INCREMENT, AUTO_INCREMENT=11;

--
-- AUTO_INCREMENT for table `disability_job_listing`
--
ALTER TABLE `disability_job_listing`
  MODIFY `id` int(11) NOT NULL AUTO_INCREMENT, AUTO_INCREMENT=35;

--
-- AUTO_INCREMENT for table `job_application`
--
ALTER TABLE `job_application`
  MODIFY `id` int(11) NOT NULL AUTO_INCREMENT, AUTO_INCREMENT=5;

--
-- AUTO_INCREMENT for table `job_listing`
--
ALTER TABLE `job_listing`
  MODIFY `id` int(11) NOT NULL AUTO_INCREMENT, AUTO_INCREMENT=59;

--
-- AUTO_INCREMENT for table `position_type`
--
ALTER TABLE `position_type`
  MODIFY `id` int(11) NOT NULL AUTO_INCREMENT, AUTO_INCREMENT=3;

--
-- Constraints for dumped tables
--

--
-- Constraints for table `disability_job_listing`
--
ALTER TABLE `disability_job_listing`
  ADD CONSTRAINT `disability_job_listing_ibfk_1` FOREIGN KEY (`disability_id`) REFERENCES `disability` (`id`),
  ADD CONSTRAINT `disability_job_listing_ibfk_2` FOREIGN KEY (`joblisting_id`) REFERENCES `job_listing` (`id`) ON DELETE CASCADE;

--
-- Constraints for table `job_application`
--
ALTER TABLE `job_application`
  ADD CONSTRAINT `job_application_ibfk_1` FOREIGN KEY (`joblisting_id`) REFERENCES `job_listing` (`id`),
  ADD CONSTRAINT `job_application_ibfk_2` FOREIGN KEY (`user_id`) REFERENCES `user` (`id`);

--
-- Constraints for table `job_listing`
--
ALTER TABLE `job_listing`
  ADD CONSTRAINT `job_listing_ibfk_1` FOREIGN KEY (`company_id`) REFERENCES `company` (`id`),
  ADD CONSTRAINT `job_listing_ibfk_3` FOREIGN KEY (`positiontype_id`) REFERENCES `position_type` (`id`);

--
-- Constraints for table `user`
--
ALTER TABLE `user`
  ADD CONSTRAINT `user_ibfk_1` FOREIGN KEY (`disability_id`) REFERENCES `disability` (`id`);
COMMIT;

/*!40101 SET CHARACTER_SET_CLIENT=@OLD_CHARACTER_SET_CLIENT */;
/*!40101 SET CHARACTER_SET_RESULTS=@OLD_CHARACTER_SET_RESULTS */;
/*!40101 SET COLLATION_CONNECTION=@OLD_COLLATION_CONNECTION */;
